rosbagTimestamp,header,seq,stamp,secs,nsecs,frame_id,status,status,service,latitude,longitude,altitude,position_covariance,position_covariance_type
1598331930698385389,,7626,,1598331930,697283655,"""navsat_link""",,2,1,24.7685666667,55.37009,81.44,"[1.0, 0.0, 0.0, 0.0, 1.0, 0.0, 0.0, 0.0, 4.0]",1
1598331930748101117,,7627,,1598331930,747191514,"""navsat_link""",,2,1,24.7685666667,55.37009,81.44,"[1.0, 0.0, 0.0, 0.0, 1.0, 0.0, 0.0, 0.0, 4.0]",1
1598331930798326054,,7628,,1598331930,797207461,"""navsat_link""",,2,1,24.7685666667,55.37009,81.45,"[1.0, 0.0, 0.0, 0.0, 1.0, 0.0, 0.0, 0.0, 4.0]",1
1598331930848174685,,7629,,1598331930,847169417,"""navsat_link""",,2,1,24.7685666667,55.37009,81.44,"[1.0, 0.0, 0.0, 0.0, 1.0, 0.0, 0.0, 0.0, 4.0]",1
1598331930898455592,,7630,,1598331930,897379016,"""navsat_link""",,2,1,24.7685666667,55.37009,81.44,"[1.0, 0.0, 0.0, 0.0, 1.0, 0.0, 0.0, 0.0, 4.0]",1
1598331930948011536,,7631,,1598331930,947136354,"""navsat_link""",,2,1,24.7685666667,55.37009,81.44,"[1.0, 0.0, 0.0, 0.0, 1.0, 0.0, 0.0, 0.0, 4.0]",1
1598331930998143805,,7632,,1598331930,997115044,"""navsat_link""",,2,1,24.7685666667,55.37009,81.44,"[1.0, 0.0, 0.0, 0.0, 1.0, 0.0, 0.0, 0.0, 4.0]",1
1598331931048186301,,7633,,1598331931,47095797,"""navsat_link""",,2,1,24.7685666667,55.37009,81.44,"[1.0, 0.0, 0.0, 0.0, 1.0, 0.0, 0.0, 0.0, 4.0]",1
1598331931102004295,,7634,,1598331931,101002417,"""navsat_link""",,2,1,24.7685666667,55.37009,81.45,"[1.0, 0.0, 0.0, 0.0, 1.0, 0.0, 0.0, 0.0, 4.0]",1
1598331931147813489,,7635,,1598331931,146944223,"""navsat_link""",,2,1,24.7685666667,55.37009,81.44,"[1.9599999999999997, 0.0, 0.0, 0.0, 1.9599999999999997, 0.0, 0.0, 0.0, 7.839999999999999]",1
1598331931197945640,,7636,,1598331931,196962689,"""navsat_link""",,2,1,24.7685666667,55.37009,81.45,"[1.9599999999999997, 0.0, 0.0, 0.0, 1.9599999999999997, 0.0, 0.0, 0.0, 7.839999999999999]",1
1598331931248015632,,7637,,1598331931,246967931,"""navsat_link""",,2,1,24.7685666667,55.37009,81.44,"[1.9599999999999997, 0.0, 0.0, 0.0, 1.9599999999999997, 0.0, 0.0, 0.0, 7.839999999999999]",1
1598331931297778974,,7638,,1598331931,296850658,"""navsat_link""",,2,1,24.7685666667,55.37009,81.44,"[1.9599999999999997, 0.0, 0.0, 0.0, 1.9599999999999997, 0.0, 0.0, 0.0, 7.839999999999999]",1
1598331931347970334,,7639,,1598331931,346870402,"""navsat_link""",,2,1,24.7685666667,55.37009,81.44,"[1.9599999999999997, 0.0, 0.0, 0.0, 1.9599999999999997, 0.0, 0.0, 0.0, 7.839999999999999]",1
1598331931398030198,,7640,,1598331931,397079220,"""navsat_link""",,2,1,24.7685666667,55.37009,81.44,"[1.9599999999999997, 0.0, 0.0, 0.0, 1.9599999999999997, 0.0, 0.0, 0.0, 7.839999999999999]",1
1598331931447738045,,7641,,1598331931,446760460,"""navsat_link""",,2,1,24.7685666667,55.37009,81.45,"[1.9599999999999997, 0.0, 0.0, 0.0, 1.9599999999999997, 0.0, 0.0, 0.0, 7.839999999999999]",1
1598331931497949357,,7642,,1598331931,496798019,"""navsat_link""",,2,1,24.7685666667,55.37009,81.45,"[1.9599999999999997, 0.0, 0.0, 0.0, 1.9599999999999997, 0.0, 0.0, 0.0, 7.839999999999999]",1
1598331931547801573,,7643,,1598331931,546786342,"""navsat_link""",,2,1,24.7685666667,55.37009,81.44,"[1.9599999999999997, 0.0, 0.0, 0.0, 1.9599999999999997, 0.0, 0.0, 0.0, 7.839999999999999]",1
1598331931598700330,,7644,,1598331931,597766706,"""navsat_link""",,2,1,24.7685666667,55.37009,81.45,"[1.9599999999999997, 0.0, 0.0, 0.0, 1.9599999999999997, 0.0, 0.0, 0.0, 7.839999999999999]",1
1598331931647658506,,7645,,1598331931,646710940,"""navsat_link""",,2,1,24.7685666667,55.37009,81.44,"[1.9599999999999997, 0.0, 0.0, 0.0, 1.9599999999999997, 0.0, 0.0, 0.0, 7.839999999999999]",1
1598331931697787950,,7646,,1598331931,696664302,"""navsat_link""",,2,1,24.7685666667,55.37009,81.45,"[1.9599999999999997, 0.0, 0.0, 0.0, 1.9599999999999997, 0.0, 0.0, 0.0, 7.839999999999999]",1
1598331931747875571,,7647,,1598331931,746875571,"""navsat_link""",,2,1,24.7685666667,55.37009,81.46,"[1.9599999999999997, 0.0, 0.0, 0.0, 1.9599999999999997, 0.0, 0.0, 0.0, 7.839999999999999]",1
1598331931797576557,,7648,,1598331931,796655248,"""navsat_link""",,2,1,24.7685666667,55.37009,81.45,"[1.9599999999999997, 0.0, 0.0, 0.0, 1.9599999999999997, 0.0, 0.0, 0.0, 7.839999999999999]",1
1598331931847565874,,7649,,1598331931,846593185,"""navsat_link""",,2,1,24.7685666667,55.37009,81.45,"[1.9599999999999997, 0.0, 0.0, 0.0, 1.9599999999999997, 0.0, 0.0, 0.0, 7.839999999999999]",1
1598331931897563650,,7650,,1598331931,896584060,"""navsat_link""",,2,1,24.7685666667,55.37009,81.45,"[1.9599999999999997, 0.0, 0.0, 0.0, 1.9599999999999997, 0.0, 0.0, 0.0, 7.839999999999999]",1
1598331931947565265,,7651,,1598331931,946587497,"""navsat_link""",,2,1,24.7685666667,55.37009,81.46,"[1.9599999999999997, 0.0, 0.0, 0.0, 1.9599999999999997, 0.0, 0.0, 0.0, 7.839999999999999]",1
1598331931997457264,,7652,,1598331931,996509379,"""navsat_link""",,2,1,24.7685666667,55.37009,81.45,"[1.9599999999999997, 0.0, 0.0, 0.0, 1.9599999999999997, 0.0, 0.0, 0.0, 7.839999999999999]",1
1598331932047684703,,7653,,1598331932,46625289,"""navsat_link""",,2,1,24.7685683333,55.37009,81.45,"[1.9599999999999997, 0.0, 0.0, 0.0, 1.9599999999999997, 0.0, 0.0, 0.0, 7.839999999999999]",1
1598331932101399727,,7654,,1598331932,100524835,"""navsat_link""",,2,1,24.7685683333,55.37009,81.45,"[1.9599999999999997, 0.0, 0.0, 0.0, 1.9599999999999997, 0.0, 0.0, 0.0, 7.839999999999999]",1
1598331932147488913,,7655,,1598331932,146504986,"""navsat_link""",,2,1,24.7685683333,55.37009,81.44,"[1.9599999999999997, 0.0, 0.0, 0.0, 1.9599999999999997, 0.0, 0.0, 0.0, 7.839999999999999]",1
1598331932198721763,,7656,,1598331932,197702267,"""navsat_link""",,2,1,24.7685683333,55.37009,81.45,"[1.9599999999999997, 0.0, 0.0, 0.0, 1.9599999999999997, 0.0, 0.0, 0.0, 7.839999999999999]",1
1598331932247546156,,7657,,1598331932,246490676,"""navsat_link""",,2,1,24.7685683333,55.37009,81.45,"[1.9599999999999997, 0.0, 0.0, 0.0, 1.9599999999999997, 0.0, 0.0, 0.0, 7.839999999999999]",1
1598331932298596968,,7658,,1598331932,297552628,"""navsat_link""",,2,1,24.7685683333,55.37009,81.44,"[1.9599999999999997, 0.0, 0.0, 0.0, 1.9599999999999997, 0.0, 0.0, 0.0, 7.839999999999999]",1
1598331932348349286,,7659,,1598331932,347451323,"""navsat_link""",,2,1,24.7685683333,55.37009,81.45,"[1.9599999999999997, 0.0, 0.0, 0.0, 1.9599999999999997, 0.0, 0.0, 0.0, 7.839999999999999]",1
1598331932397432269,,7660,,1598331932,396375946,"""navsat_link""",,2,1,24.76857,55.37009,81.44,"[1.9599999999999997, 0.0, 0.0, 0.0, 1.9599999999999997, 0.0, 0.0, 0.0, 7.839999999999999]",1
1598331932448453091,,7661,,1598331932,447414223,"""navsat_link""",,2,1,24.76857,55.37009,81.46,"[1.9599999999999997, 0.0, 0.0, 0.0, 1.9599999999999997, 0.0, 0.0, 0.0, 7.839999999999999]",1
1598331932498389610,,7662,,1598331932,497349752,"""navsat_link""",,2,1,24.76857,55.37009,81.45,"[1.9599999999999997, 0.0, 0.0, 0.0, 1.9599999999999997, 0.0, 0.0, 0.0, 7.839999999999999]",1
1598331932547452830,,7663,,1598331932,546406921,"""navsat_link""",,2,1,24.76857,55.37009,81.45,"[1.9599999999999997, 0.0, 0.0, 0.0, 1.9599999999999997, 0.0, 0.0, 0.0, 7.839999999999999]",1
1598331932598264769,,7664,,1598331932,597288088,"""navsat_link""",,2,1,24.76857,55.37009,81.45,"[1.9599999999999997, 0.0, 0.0, 0.0, 1.9599999999999997, 0.0, 0.0, 0.0, 7.839999999999999]",1
1598331932648237671,,7665,,1598331932,647206891,"""navsat_link""",,2,1,24.76857,55.37009,81.45,"[1.9599999999999997, 0.0, 0.0, 0.0, 1.9599999999999997, 0.0, 0.0, 0.0, 7.839999999999999]",1
1598331932698170870,,7666,,1598331932,697262890,"""navsat_link""",,2,1,24.76857,55.37009,81.45,"[1.9599999999999997, 0.0, 0.0, 0.0, 1.9599999999999997, 0.0, 0.0, 0.0, 7.839999999999999]",1
1598331932748315836,,7667,,1598331932,747216877,"""navsat_link""",,2,1,24.7685716667,55.37009,81.46,"[1.9599999999999997, 0.0, 0.0, 0.0, 1.9599999999999997, 0.0, 0.0, 0.0, 7.839999999999999]",1
1598331932798454384,,7668,,1598331932,797405192,"""navsat_link""",,2,1,24.7685716667,55.37009,81.45,"[1.9599999999999997, 0.0, 0.0, 0.0, 1.9599999999999997, 0.0, 0.0, 0.0, 7.839999999999999]",1
1598331932848375950,,7669,,1598331932,847258047,"""navsat_link""",,2,1,24.7685716667,55.37009,81.46,"[1.9599999999999997, 0.0, 0.0, 0.0, 1.9599999999999997, 0.0, 0.0, 0.0, 7.839999999999999]",1
1598331932898335049,,7670,,1598331932,897178677,"""navsat_link""",,2,1,24.7685716667,55.37009,81.46,"[1.9599999999999997, 0.0, 0.0, 0.0, 1.9599999999999997, 0.0, 0.0, 0.0, 7.839999999999999]",1
1598331932948231803,,7671,,1598331932,947229106,"""navsat_link""",,2,1,24.7685716667,55.37009,81.45,"[1.9599999999999997, 0.0, 0.0, 0.0, 1.9599999999999997, 0.0, 0.0, 0.0, 7.839999999999999]",1
1598331932998157538,,7672,,1598331932,997212163,"""navsat_link""",,2,1,24.7685716667,55.37009,81.46,"[1.9599999999999997, 0.0, 0.0, 0.0, 1.9599999999999997, 0.0, 0.0, 0.0, 7.839999999999999]",1
1598331933048145976,,7673,,1598331933,47163970,"""navsat_link""",,2,1,24.7685733333,55.37009,81.45,"[1.9599999999999997, 0.0, 0.0, 0.0, 1.9599999999999997, 0.0, 0.0, 0.0, 7.839999999999999]",1
1598331933101109362,,7674,,1598331933,100100102,"""navsat_link""",,2,1,24.7685733333,55.37009,81.45,"[1.9599999999999997, 0.0, 0.0, 0.0, 1.9599999999999997, 0.0, 0.0, 0.0, 7.839999999999999]",1
1598331933148038345,,7675,,1598331933,147056977,"""navsat_link""",,2,1,24.7685733333,55.37009,81.46,"[1.9599999999999997, 0.0, 0.0, 0.0, 1.9599999999999997, 0.0, 0.0, 0.0, 7.839999999999999]",1
1598331933198058100,,7676,,1598331933,197087853,"""navsat_link""",,2,1,24.7685733333,55.37009,81.46,"[1.9599999999999997, 0.0, 0.0, 0.0, 1.9599999999999997, 0.0, 0.0, 0.0, 7.839999999999999]",1
1598331933247925122,,7677,,1598331933,247021155,"""navsat_link""",,2,1,24.7685733333,55.37009,81.46,"[1.9599999999999997, 0.0, 0.0, 0.0, 1.9599999999999997, 0.0, 0.0, 0.0, 7.839999999999999]",1
1598331933298112304,,7678,,1598331933,297166830,"""navsat_link""",,2,1,24.768575,55.37009,81.46,"[1.9599999999999997, 0.0, 0.0, 0.0, 1.9599999999999997, 0.0, 0.0, 0.0, 7.839999999999999]",1
1598331933347979900,,7679,,1598331933,346976634,"""navsat_link""",,2,1,24.768575,55.37009,81.45,"[1.9599999999999997, 0.0, 0.0, 0.0, 1.9599999999999997, 0.0, 0.0, 0.0, 7.839999999999999]",1
1598331933398101798,,7680,,1598331933,397094273,"""navsat_link""",,2,1,24.768575,55.37009,81.47,"[1.9599999999999997, 0.0, 0.0, 0.0, 1.9599999999999997, 0.0, 0.0, 0.0, 7.839999999999999]",1
1598331933448063657,,7681,,1598331933,446871817,"""navsat_link""",,2,1,24.768575,55.37009,81.45,"[1.9599999999999997, 0.0, 0.0, 0.0, 1.9599999999999997, 0.0, 0.0, 0.0, 7.839999999999999]",1
1598331933498081793,,7682,,1598331933,497056431,"""navsat_link""",,2,1,24.7685766667,55.37009,81.45,"[1.9599999999999997, 0.0, 0.0, 0.0, 1.9599999999999997, 0.0, 0.0, 0.0, 7.839999999999999]",1
1598331933547720488,,7683,,1598331933,546808394,"""navsat_link""",,2,1,24.7685766667,55.37009,81.45,"[1.9599999999999997, 0.0, 0.0, 0.0, 1.9599999999999997, 0.0, 0.0, 0.0, 7.839999999999999]",1
1598331933598942077,,7684,,1598331933,597887344,"""navsat_link""",,2,1,24.7685766667,55.37009,81.46,"[1.9599999999999997, 0.0, 0.0, 0.0, 1.9599999999999997, 0.0, 0.0, 0.0, 7.839999999999999]",1
1598331933647892344,,7685,,1598331933,646900026,"""navsat_link""",,2,1,24.7685766667,55.37009,81.46,"[1.9599999999999997, 0.0, 0.0, 0.0, 1.9599999999999997, 0.0, 0.0, 0.0, 7.839999999999999]",1
1598331933697820297,,7686,,1598331933,696824106,"""navsat_link""",,2,1,24.7685766667,55.37009,81.45,"[1.9599999999999997, 0.0, 0.0, 0.0, 1.9599999999999997, 0.0, 0.0, 0.0, 7.839999999999999]",1
1598331933747615398,,7687,,1598331933,746723312,"""navsat_link""",,2,1,24.7685783333,55.37009,81.46,"[1.9599999999999997, 0.0, 0.0, 0.0, 1.9599999999999997, 0.0, 0.0, 0.0, 7.839999999999999]",1
1598331933797862250,,7688,,1598331933,796797393,"""navsat_link""",,2,1,24.7685783333,55.37009,81.45,"[1.9599999999999997, 0.0, 0.0, 0.0, 1.9599999999999997, 0.0, 0.0, 0.0, 7.839999999999999]",1
1598331933847883236,,7689,,1598331933,846773417,"""navsat_link""",,2,1,24.7685783333,55.37009,81.46,"[1.9599999999999997, 0.0, 0.0, 0.0, 1.9599999999999997, 0.0, 0.0, 0.0, 7.839999999999999]",1
1598331933897788900,,7690,,1598331933,896753869,"""navsat_link""",,2,1,24.7685783333,55.37009,81.46,"[1.9599999999999997, 0.0, 0.0, 0.0, 1.9599999999999997, 0.0, 0.0, 0.0, 7.839999999999999]",1
1598331933947810002,,7691,,1598331933,946754418,"""navsat_link""",,2,1,24.76858,55.37009,81.46,"[1.9599999999999997, 0.0, 0.0, 0.0, 1.9599999999999997, 0.0, 0.0, 0.0, 7.839999999999999]",1
1598331933997840203,,7692,,1598331933,996865612,"""navsat_link""",,2,1,24.76858,55.37009,81.46,"[1.9599999999999997, 0.0, 0.0, 0.0, 1.9599999999999997, 0.0, 0.0, 0.0, 7.839999999999999]",1
1598331934047528260,,7693,,1598331934,46625543,"""navsat_link""",,2,1,24.76858,55.37009,81.45,"[1.9599999999999997, 0.0, 0.0, 0.0, 1.9599999999999997, 0.0, 0.0, 0.0, 7.839999999999999]",1
1598331934101584268,,7694,,1598331934,100689120,"""navsat_link""",,2,1,24.76858,55.37009,81.45,"[1.9599999999999997, 0.0, 0.0, 0.0, 1.9599999999999997, 0.0, 0.0, 0.0, 7.839999999999999]",1
1598331934147825787,,7695,,1598331934,146760824,"""navsat_link""",,2,1,24.7685816667,55.37009,81.45,"[1.9599999999999997, 0.0, 0.0, 0.0, 1.9599999999999997, 0.0, 0.0, 0.0, 7.839999999999999]",1
1598331934197562735,,7696,,1598331934,196589138,"""navsat_link""",,2,1,24.7685816667,55.37009,81.46,"[1.9599999999999997, 0.0, 0.0, 0.0, 1.9599999999999997, 0.0, 0.0, 0.0, 7.839999999999999]",1
1598331934248796279,,7697,,1598331934,247675923,"""navsat_link""",,2,1,24.7685816667,55.37009,81.45,"[1.9599999999999997, 0.0, 0.0, 0.0, 1.9599999999999997, 0.0, 0.0, 0.0, 7.839999999999999]",1
1598331934297518213,,7698,,1598331934,296461226,"""navsat_link""",,2,1,24.7685816667,55.37009,81.46,"[1.9599999999999997, 0.0, 0.0, 0.0, 1.9599999999999997, 0.0, 0.0, 0.0, 7.839999999999999]",1
1598331934347848361,,7699,,1598331934,346751284,"""navsat_link""",,2,1,24.7685816667,55.37009,81.45,"[1.9599999999999997, 0.0, 0.0, 0.0, 1.9599999999999997, 0.0, 0.0, 0.0, 7.839999999999999]",1
1598331934397556657,,7700,,1598331934,396497596,"""navsat_link""",,2,1,24.7685833333,55.37009,81.45,"[1.9599999999999997, 0.0, 0.0, 0.0, 1.9599999999999997, 0.0, 0.0, 0.0, 7.839999999999999]",1
1598331934447674759,,7701,,1598331934,446548500,"""navsat_link""",,2,1,24.7685833333,55.37009,81.45,"[1.9599999999999997, 0.0, 0.0, 0.0, 1.9599999999999997, 0.0, 0.0, 0.0, 7.839999999999999]",1
1598331934497524934,,7702,,1598331934,496482635,"""navsat_link""",,2,1,24.7685833333,55.37009,81.45,"[1.9599999999999997, 0.0, 0.0, 0.0, 1.9599999999999997, 0.0, 0.0, 0.0, 7.839999999999999]",1
1598331934547900226,,7703,,1598331934,546465067,"""navsat_link""",,2,1,24.7685833333,55.37009,81.47,"[1.9599999999999997, 0.0, 0.0, 0.0, 1.9599999999999997, 0.0, 0.0, 0.0, 7.839999999999999]",1
1598331934598689362,,7704,,1598331934,597615426,"""navsat_link""",,2,1,24.768585,55.37009,81.47,"[1.9599999999999997, 0.0, 0.0, 0.0, 1.9599999999999997, 0.0, 0.0, 0.0, 7.839999999999999]",1
1598331934647343306,,7705,,1598331934,646388071,"""navsat_link""",,2,1,24.768585,55.37009,81.46,"[1.9599999999999997, 0.0, 0.0, 0.0, 1.9599999999999997, 0.0, 0.0, 0.0, 7.839999999999999]",1
1598331934697404280,,7706,,1598331934,696427525,"""navsat_link""",,2,1,24.768585,55.37009,81.46,"[1.9599999999999997, 0.0, 0.0, 0.0, 1.9599999999999997, 0.0, 0.0, 0.0, 7.839999999999999]",1
1598331934747547386,,7707,,1598331934,746396504,"""navsat_link""",,2,1,24.768585,55.37009,81.47,"[1.9599999999999997, 0.0, 0.0, 0.0, 1.9599999999999997, 0.0, 0.0, 0.0, 7.839999999999999]",1
1598331934797375353,,7708,,1598331934,796359291,"""navsat_link""",,2,1,24.7685866667,55.37009,81.46,"[1.9599999999999997, 0.0, 0.0, 0.0, 1.9599999999999997, 0.0, 0.0, 0.0, 7.839999999999999]",1
1598331934848278050,,7709,,1598331934,847370527,"""navsat_link""",,2,1,24.7685866667,55.37009,81.46,"[1.9599999999999997, 0.0, 0.0, 0.0, 1.9599999999999997, 0.0, 0.0, 0.0, 7.839999999999999]",1
1598331934897327470,,7710,,1598331934,896426974,"""navsat_link""",,2,1,24.7685866667,55.37009,81.47,"[1.9599999999999997, 0.0, 0.0, 0.0, 1.9599999999999997, 0.0, 0.0, 0.0, 7.839999999999999]",1
1598331934947366287,,7711,,1598331934,946441732,"""navsat_link""",,2,1,24.7685866667,55.37009,81.47,"[1.9599999999999997, 0.0, 0.0, 0.0, 1.9599999999999997, 0.0, 0.0, 0.0, 7.839999999999999]",1
1598331934998344084,,7712,,1598331934,997272932,"""navsat_link""",,2,1,24.7685866667,55.37009,81.47,"[1.9599999999999997, 0.0, 0.0, 0.0, 1.9599999999999997, 0.0, 0.0, 0.0, 7.839999999999999]",1
1598331935048227326,,7713,,1598331935,47275747,"""navsat_link""",,2,1,24.7685883333,55.37009,81.46,"[1.9599999999999997, 0.0, 0.0, 0.0, 1.9599999999999997, 0.0, 0.0, 0.0, 7.839999999999999]",1
1598331935101159850,,7714,,1598331935,100213564,"""navsat_link""",,2,1,24.7685883333,55.37009,81.46,"[1.9599999999999997, 0.0, 0.0, 0.0, 1.9599999999999997, 0.0, 0.0, 0.0, 7.839999999999999]",1
1598331935148348150,,7715,,1598331935,147255114,"""navsat_link""",,2,1,24.7685883333,55.3700916667,81.47,"[1.9599999999999997, 0.0, 0.0, 0.0, 1.9599999999999997, 0.0, 0.0, 0.0, 7.839999999999999]",1
1598331935198133529,,7716,,1598331935,197174952,"""navsat_link""",,2,1,24.7685883333,55.3700916667,81.47,"[1.9599999999999997, 0.0, 0.0, 0.0, 1.9599999999999997, 0.0, 0.0, 0.0, 7.839999999999999]",1
1598331935248027782,,7717,,1598331935,247146684,"""navsat_link""",,2,1,24.76859,55.3700916667,81.46,"[1.9599999999999997, 0.0, 0.0, 0.0, 1.9599999999999997, 0.0, 0.0, 0.0, 7.839999999999999]",1
1598331935298272334,,7718,,1598331935,297319949,"""navsat_link""",,2,1,24.76859,55.3700916667,81.47,"[1.9599999999999997, 0.0, 0.0, 0.0, 1.9599999999999997, 0.0, 0.0, 0.0, 7.839999999999999]",1
1598331935348047102,,7719,,1598331935,347075192,"""navsat_link""",,2,1,24.76859,55.3700916667,81.47,"[1.9599999999999997, 0.0, 0.0, 0.0, 1.9599999999999997, 0.0, 0.0, 0.0, 7.839999999999999]",1
1598331935398242887,,7720,,1598331935,397262129,"""navsat_link""",,2,1,24.76859,55.3700916667,81.47,"[1.9599999999999997, 0.0, 0.0, 0.0, 1.9599999999999997, 0.0, 0.0, 0.0, 7.839999999999999]",1
1598331935447878408,,7721,,1598331935,446995741,"""navsat_link""",,2,1,24.7685916667,55.3700916667,81.47,"[1.9599999999999997, 0.0, 0.0, 0.0, 1.9599999999999997, 0.0, 0.0, 0.0, 7.839999999999999]",1
1598331935498179367,,7722,,1598331935,497220094,"""navsat_link""",,2,1,24.7685916667,55.3700916667,81.47,"[1.9599999999999997, 0.0, 0.0, 0.0, 1.9599999999999997, 0.0, 0.0, 0.0, 7.839999999999999]",1
1598331935547995844,,7723,,1598331935,547052825,"""navsat_link""",,2,1,24.7685916667,55.3700916667,81.47,"[1.9599999999999997, 0.0, 0.0, 0.0, 1.9599999999999997, 0.0, 0.0, 0.0, 7.839999999999999]",1
1598331935598109441,,7724,,1598331935,597033201,"""navsat_link""",,2,1,24.7685933333,55.3700916667,81.47,"[1.9599999999999997, 0.0, 0.0, 0.0, 1.9599999999999997, 0.0, 0.0, 0.0, 7.839999999999999]",1
1598331935648009872,,7725,,1598331935,646951845,"""navsat_link""",,2,1,24.7685933333,55.3700916667,81.47,"[1.9599999999999997, 0.0, 0.0, 0.0, 1.9599999999999997, 0.0, 0.0, 0.0, 7.839999999999999]",1
1598331935698025115,,7726,,1598331935,696949152,"""navsat_link""",,2,1,24.7685933333,55.3700916667,81.47,"[1.9599999999999997, 0.0, 0.0, 0.0, 1.9599999999999997, 0.0, 0.0, 0.0, 7.839999999999999]",1
1598331935747943517,,7727,,1598331935,746903097,"""navsat_link""",,2,1,24.7685933333,55.3700916667,81.46,"[1.9599999999999997, 0.0, 0.0, 0.0, 1.9599999999999997, 0.0, 0.0, 0.0, 7.839999999999999]",1
1598331935797943030,,7728,,1598331935,796829696,"""navsat_link""",,2,1,24.768595,55.3700916667,81.46,"[1.9599999999999997, 0.0, 0.0, 0.0, 1.9599999999999997, 0.0, 0.0, 0.0, 7.839999999999999]",1
1598331935848088715,,7729,,1598331935,846987572,"""navsat_link""",,2,1,24.768595,55.3700916667,81.46,"[1.9599999999999997, 0.0, 0.0, 0.0, 1.9599999999999997, 0.0, 0.0, 0.0, 7.839999999999999]",1
1598331935897950242,,7730,,1598331935,896898272,"""navsat_link""",,2,1,24.768595,55.3700916667,81.47,"[1.9599999999999997, 0.0, 0.0, 0.0, 1.9599999999999997, 0.0, 0.0, 0.0, 7.839999999999999]",1
1598331935947871951,,7731,,1598331935,946803888,"""navsat_link""",,2,1,24.768595,55.3700916667,81.47,"[1.9599999999999997, 0.0, 0.0, 0.0, 1.9599999999999997, 0.0, 0.0, 0.0, 7.839999999999999]",1
1598331935997845011,,7732,,1598331935,996790378,"""navsat_link""",,2,1,24.7685966667,55.3700916667,81.46,"[1.9599999999999997, 0.0, 0.0, 0.0, 1.9599999999999997, 0.0, 0.0, 0.0, 7.839999999999999]",1
1598331936047737922,,7733,,1598331936,46756038,"""navsat_link""",,2,1,24.7685966667,55.3700916667,81.46,"[1.9599999999999997, 0.0, 0.0, 0.0, 1.9599999999999997, 0.0, 0.0, 0.0, 7.839999999999999]",1
1598331936100758582,,7734,,1598331936,99878565,"""navsat_link""",,2,1,24.7685966667,55.3700916667,81.46,"[1.9599999999999997, 0.0, 0.0, 0.0, 1.9599999999999997, 0.0, 0.0, 0.0, 7.839999999999999]",1
1598331936147741488,,7735,,1598331936,146711138,"""navsat_link""",,2,1,24.7685983333,55.3700916667,81.46,"[1.9599999999999997, 0.0, 0.0, 0.0, 1.9599999999999997, 0.0, 0.0, 0.0, 7.839999999999999]",1
1598331936197682353,,7736,,1598331936,196619580,"""navsat_link""",,2,1,24.7685983333,55.3700916667,81.46,"[1.9599999999999997, 0.0, 0.0, 0.0, 1.9599999999999997, 0.0, 0.0, 0.0, 7.839999999999999]",1
1598331936247778630,,7737,,1598331936,246653384,"""navsat_link""",,2,1,24.7685983333,55.3700916667,81.46,"[1.9599999999999997, 0.0, 0.0, 0.0, 1.9599999999999997, 0.0, 0.0, 0.0, 7.839999999999999]",1
1598331936297509808,,7738,,1598331936,296634200,"""navsat_link""",,2,1,24.7685983333,55.3700916667,81.47,"[1.9599999999999997, 0.0, 0.0, 0.0, 1.9599999999999997, 0.0, 0.0, 0.0, 7.839999999999999]",1
1598331936347752178,,7739,,1598331936,346665286,"""navsat_link""",,2,1,24.7686,55.3700916667,81.46,"[1.9599999999999997, 0.0, 0.0, 0.0, 1.9599999999999997, 0.0, 0.0, 0.0, 7.839999999999999]",1
1598331936397647513,,7740,,1598331936,396540373,"""navsat_link""",,2,1,24.7686,55.3700916667,81.47,"[1.9599999999999997, 0.0, 0.0, 0.0, 1.9599999999999997, 0.0, 0.0, 0.0, 7.839999999999999]",1
1598331936447610880,,7741,,1598331936,446528903,"""navsat_link""",,2,1,24.7686,55.3700916667,81.46,"[1.9599999999999997, 0.0, 0.0, 0.0, 1.9599999999999997, 0.0, 0.0, 0.0, 7.839999999999999]",1
1598331936497440913,,7742,,1598331936,496531426,"""navsat_link""",,2,1,24.7686016667,55.3700916667,81.46,"[1.9599999999999997, 0.0, 0.0, 0.0, 1.9599999999999997, 0.0, 0.0, 0.0, 7.839999999999999]",1
1598331936547796393,,7743,,1598331936,546755708,"""navsat_link""",,2,1,24.7686016667,55.3700916667,81.46,"[1.9599999999999997, 0.0, 0.0, 0.0, 1.9599999999999997, 0.0, 0.0, 0.0, 7.839999999999999]",1
1598331936598679697,,7744,,1598331936,597653878,"""navsat_link""",,2,1,24.7686016667,55.3700916667,81.47,"[1.9599999999999997, 0.0, 0.0, 0.0, 1.9599999999999997, 0.0, 0.0, 0.0, 7.839999999999999]",1
1598331936647710918,,7745,,1598331936,646711057,"""navsat_link""",,2,1,24.7686033333,55.3700916667,81.46,"[1.9599999999999997, 0.0, 0.0, 0.0, 1.9599999999999997, 0.0, 0.0, 0.0, 7.839999999999999]",1
1598331936697673661,,7746,,1598331936,696716884,"""navsat_link""",,2,1,24.7686033333,55.3700916667,81.46,"[1.9599999999999997, 0.0, 0.0, 0.0, 1.9599999999999997, 0.0, 0.0, 0.0, 7.839999999999999]",1
1598331936747618193,,7747,,1598331936,746454538,"""navsat_link""",,2,1,24.7686033333,55.3700916667,81.46,"[1.9599999999999997, 0.0, 0.0, 0.0, 1.9599999999999997, 0.0, 0.0, 0.0, 7.839999999999999]",1
1598331936797378659,,7748,,1598331936,796394361,"""navsat_link""",,2,1,24.7686033333,55.3700916667,81.46,"[1.9599999999999997, 0.0, 0.0, 0.0, 1.9599999999999997, 0.0, 0.0, 0.0, 7.839999999999999]",1
1598331936847462884,,7749,,1598331936,846367085,"""navsat_link""",,2,1,24.768605,55.3700916667,81.47,"[1.9599999999999997, 0.0, 0.0, 0.0, 1.9599999999999997, 0.0, 0.0, 0.0, 7.839999999999999]",1
1598331936897676579,,7750,,1598331936,896583951,"""navsat_link""",,2,1,24.768605,55.3700916667,81.46,"[1.9599999999999997, 0.0, 0.0, 0.0, 1.9599999999999997, 0.0, 0.0, 0.0, 7.839999999999999]",1
1598331936947524191,,7751,,1598331936,946435751,"""navsat_link""",,2,1,24.768605,55.3700916667,81.47,"[1.9599999999999997, 0.0, 0.0, 0.0, 1.9599999999999997, 0.0, 0.0, 0.0, 7.839999999999999]",1
1598331936997460335,,7752,,1598331936,996442215,"""navsat_link""",,2,1,24.7686066667,55.3700916667,81.46,"[1.9599999999999997, 0.0, 0.0, 0.0, 1.9599999999999997, 0.0, 0.0, 0.0, 7.839999999999999]",1
1598331937047609677,,7753,,1598331937,46511196,"""navsat_link""",,2,1,24.7686066667,55.3700916667,81.46,"[1.9599999999999997, 0.0, 0.0, 0.0, 1.9599999999999997, 0.0, 0.0, 0.0, 7.839999999999999]",1
1598331937101295781,,7754,,1598331937,100271603,"""navsat_link""",,2,1,24.7686066667,55.3700916667,81.47,"[1.9599999999999997, 0.0, 0.0, 0.0, 1.9599999999999997, 0.0, 0.0, 0.0, 7.839999999999999]",1
1598331937147284757,,7755,,1598331937,146222654,"""navsat_link""",,2,1,24.7686083333,55.3700916667,81.47,"[1.9599999999999997, 0.0, 0.0, 0.0, 1.9599999999999997, 0.0, 0.0, 0.0, 7.839999999999999]",1
1598331937198343886,,7756,,1598331937,197423171,"""navsat_link""",,2,1,24.7686083333,55.3700916667,81.47,"[1.9599999999999997, 0.0, 0.0, 0.0, 1.9599999999999997, 0.0, 0.0, 0.0, 7.839999999999999]",1
1598331937248010111,,7757,,1598331937,247161837,"""navsat_link""",,2,1,24.7686083333,55.3700916667,81.47,"[1.9599999999999997, 0.0, 0.0, 0.0, 1.9599999999999997, 0.0, 0.0, 0.0, 7.839999999999999]",1
1598331937298154580,,7758,,1598331937,297186223,"""navsat_link""",,2,1,24.76861,55.3700933333,81.47,"[1.9599999999999997, 0.0, 0.0, 0.0, 1.9599999999999997, 0.0, 0.0, 0.0, 7.839999999999999]",1
1598331937347004545,,7759,,1598331937,346107367,"""navsat_link""",,2,1,24.76861,55.3700933333,81.47,"[1.9599999999999997, 0.0, 0.0, 0.0, 1.9599999999999997, 0.0, 0.0, 0.0, 7.839999999999999]",1
1598331937398300900,,7760,,1598331937,397191616,"""navsat_link""",,2,1,24.76861,55.3700933333,81.46,"[1.9599999999999997, 0.0, 0.0, 0.0, 1.9599999999999997, 0.0, 0.0, 0.0, 7.839999999999999]",1
1598331937447149899,,7761,,1598331937,446027915,"""navsat_link""",,2,1,24.76861,55.3700933333,81.48,"[1.9599999999999997, 0.0, 0.0, 0.0, 1.9599999999999997, 0.0, 0.0, 0.0, 7.839999999999999]",1
1598331937498089348,,7762,,1598331937,497078195,"""navsat_link""",,2,1,24.7686116667,55.3700933333,81.48,"[1.9599999999999997, 0.0, 0.0, 0.0, 1.9599999999999997, 0.0, 0.0, 0.0, 7.839999999999999]",1
1598331937548079626,,7763,,1598331937,547091065,"""navsat_link""",,2,1,24.7686116667,55.3700933333,81.46,"[1.9599999999999997, 0.0, 0.0, 0.0, 1.9599999999999997, 0.0, 0.0, 0.0, 7.839999999999999]",1
1598331937597945866,,7764,,1598331937,597100786,"""navsat_link""",,2,1,24.7686116667,55.3700933333,81.47,"[1.9599999999999997, 0.0, 0.0, 0.0, 1.9599999999999997, 0.0, 0.0, 0.0, 7.839999999999999]",1
1598331937648135388,,7765,,1598331937,647077330,"""navsat_link""",,2,1,24.7686133333,55.3700933333,81.47,"[1.9599999999999997, 0.0, 0.0, 0.0, 1.9599999999999997, 0.0, 0.0, 0.0, 7.839999999999999]",1
1598331937697992228,,7766,,1598331937,697000233,"""navsat_link""",,2,1,24.7686133333,55.3700933333,81.48,"[1.9599999999999997, 0.0, 0.0, 0.0, 1.9599999999999997, 0.0, 0.0, 0.0, 7.839999999999999]",1
1598331937748198386,,7767,,1598331937,747000719,"""navsat_link""",,2,1,24.7686133333,55.3700933333,81.46,"[1.9599999999999997, 0.0, 0.0, 0.0, 1.9599999999999997, 0.0, 0.0, 0.0, 7.839999999999999]",1
1598331937798157496,,7768,,1598331937,797072461,"""navsat_link""",,2,1,24.7686133333,55.3700933333,81.48,"[1.9599999999999997, 0.0, 0.0, 0.0, 1.9599999999999997, 0.0, 0.0, 0.0, 7.839999999999999]",1
1598331937848309542,,7769,,1598331937,847175594,"""navsat_link""",,2,1,24.768615,55.3700933333,81.47,"[1.9599999999999997, 0.0, 0.0, 0.0, 1.9599999999999997, 0.0, 0.0, 0.0, 7.839999999999999]",1
1598331937898103474,,7770,,1598331937,897061388,"""navsat_link""",,2,1,24.768615,55.3700933333,81.48,"[1.9599999999999997, 0.0, 0.0, 0.0, 1.9599999999999997, 0.0, 0.0, 0.0, 7.839999999999999]",1
1598331937947910161,,7771,,1598331937,946951513,"""navsat_link""",,2,1,24.768615,55.3700933333,81.48,"[1.9599999999999997, 0.0, 0.0, 0.0, 1.9599999999999997, 0.0, 0.0, 0.0, 7.839999999999999]",1
1598331937998034519,,7772,,1598331937,997018383,"""navsat_link""",,2,1,24.7686166667,55.3700933333,81.48,"[1.9599999999999997, 0.0, 0.0, 0.0, 1.9599999999999997, 0.0, 0.0, 0.0, 7.839999999999999]",1
1598331938047826949,,7773,,1598331938,46906437,"""navsat_link""",,2,1,24.7686166667,55.3700933333,81.47,"[1.9599999999999997, 0.0, 0.0, 0.0, 1.9599999999999997, 0.0, 0.0, 0.0, 7.839999999999999]",1
1598331938100989858,,7774,,1598331938,99953022,"""navsat_link""",,2,1,24.7686166667,55.3700933333,81.47,"[1.9599999999999997, 0.0, 0.0, 0.0, 1.9599999999999997, 0.0, 0.0, 0.0, 7.839999999999999]",1
1598331938147854620,,7775,,1598331938,146859983,"""navsat_link""",,2,1,24.7686166667,55.3700933333,81.47,"[1.9599999999999997, 0.0, 0.0, 0.0, 1.9599999999999997, 0.0, 0.0, 0.0, 7.839999999999999]",1
1598331938197772244,,7776,,1598331938,196866930,"""navsat_link""",,2,1,24.7686183333,55.3700933333,81.49,"[1.9599999999999997, 0.0, 0.0, 0.0, 1.9599999999999997, 0.0, 0.0, 0.0, 7.839999999999999]",1
1598331938247909641,,7777,,1598331938,246816477,"""navsat_link""",,2,1,24.7686183333,55.3700933333,81.49,"[1.9599999999999997, 0.0, 0.0, 0.0, 1.9599999999999997, 0.0, 0.0, 0.0, 7.839999999999999]",1
1598331938297931707,,7778,,1598331938,296957939,"""navsat_link""",,2,1,24.7686183333,55.3700933333,81.48,"[1.9599999999999997, 0.0, 0.0, 0.0, 1.9599999999999997, 0.0, 0.0, 0.0, 7.839999999999999]",1
1598331938348004942,,7779,,1598331938,346951003,"""navsat_link""",,2,1,24.76862,55.3700933333,81.49,"[1.9599999999999997, 0.0, 0.0, 0.0, 1.9599999999999997, 0.0, 0.0, 0.0, 7.839999999999999]",1
1598331938397772084,,7780,,1598331938,396781743,"""navsat_link""",,2,1,24.76862,55.3700933333,81.49,"[1.9599999999999997, 0.0, 0.0, 0.0, 1.9599999999999997, 0.0, 0.0, 0.0, 7.839999999999999]",1
1598331938447632856,,7781,,1598331938,446652919,"""navsat_link""",,2,1,24.76862,55.3700933333,81.49,"[1.9599999999999997, 0.0, 0.0, 0.0, 1.9599999999999997, 0.0, 0.0, 0.0, 7.839999999999999]",1
1598331938497623880,,7782,,1598331938,496651957,"""navsat_link""",,2,1,24.76862,55.3700933333,81.48,"[1.9599999999999997, 0.0, 0.0, 0.0, 1.9599999999999997, 0.0, 0.0, 0.0, 7.839999999999999]",1
1598331938547988153,,7783,,1598331938,546852163,"""navsat_link""",,2,1,24.7686216667,55.3700933333,81.48,"[1.9599999999999997, 0.0, 0.0, 0.0, 1.9599999999999997, 0.0, 0.0, 0.0, 7.839999999999999]",1
1598331938598730947,,7784,,1598331938,597862198,"""navsat_link""",,2,1,24.7686216667,55.3700933333,81.49,"[1.9599999999999997, 0.0, 0.0, 0.0, 1.9599999999999997, 0.0, 0.0, 0.0, 7.839999999999999]",1
1598331938647634733,,7785,,1598331938,646584591,"""navsat_link""",,2,1,24.7686216667,55.3700933333,81.48,"[1.9599999999999997, 0.0, 0.0, 0.0, 1.9599999999999997, 0.0, 0.0, 0.0, 7.839999999999999]",1
1598331938697645172,,7786,,1598331938,696613391,"""navsat_link""",,2,1,24.7686233333,55.3700933333,81.48,"[1.9599999999999997, 0.0, 0.0, 0.0, 1.9599999999999997, 0.0, 0.0, 0.0, 7.839999999999999]",1
1598331938747750962,,7787,,1598331938,746580256,"""navsat_link""",,2,1,24.7686233333,55.3700933333,81.49,"[1.9599999999999997, 0.0, 0.0, 0.0, 1.9599999999999997, 0.0, 0.0, 0.0, 7.839999999999999]",1
1598331938797570820,,7788,,1598331938,796692523,"""navsat_link""",,2,1,24.7686233333,55.3700933333,81.48,"[1.9599999999999997, 0.0, 0.0, 0.0, 1.9599999999999997, 0.0, 0.0, 0.0, 7.839999999999999]",1
1598331938847599170,,7789,,1598331938,846685930,"""navsat_link""",,2,1,24.7686233333,55.3700933333,81.49,"[1.9599999999999997, 0.0, 0.0, 0.0, 1.9599999999999997, 0.0, 0.0, 0.0, 7.839999999999999]",1
1598331938897475188,,7790,,1598331938,896531672,"""navsat_link""",,2,1,24.768625,55.3700933333,81.49,"[1.9599999999999997, 0.0, 0.0, 0.0, 1.9599999999999997, 0.0, 0.0, 0.0, 7.839999999999999]",1
1598331938947456366,,7791,,1598331938,946475431,"""navsat_link""",,2,1,24.768625,55.3700933333,81.49,"[1.9599999999999997, 0.0, 0.0, 0.0, 1.9599999999999997, 0.0, 0.0, 0.0, 7.839999999999999]",1
1598331938997540160,,7792,,1598331938,996416936,"""navsat_link""",,2,1,24.768625,55.3700933333,81.48,"[1.9599999999999997, 0.0, 0.0, 0.0, 1.9599999999999997, 0.0, 0.0, 0.0, 7.839999999999999]",1
1598331939047449125,,7793,,1598331939,46426556,"""navsat_link""",,2,1,24.7686266667,55.3700933333,81.48,"[1.9599999999999997, 0.0, 0.0, 0.0, 1.9599999999999997, 0.0, 0.0, 0.0, 7.839999999999999]",1
1598331939101442080,,7794,,1598331939,100418219,"""navsat_link""",,2,1,24.7686266667,55.3700933333,81.49,"[1.9599999999999997, 0.0, 0.0, 0.0, 1.9599999999999997, 0.0, 0.0, 0.0, 7.839999999999999]",1
1598331939147475770,,7795,,1598331939,146380274,"""navsat_link""",,2,1,24.7686266667,55.3700933333,81.5,"[1.9599999999999997, 0.0, 0.0, 0.0, 1.9599999999999997, 0.0, 0.0, 0.0, 7.839999999999999]",1
1598331939197303749,,7796,,1598331939,196410957,"""navsat_link""",,2,1,24.7686283333,55.3700933333,81.49,"[1.9599999999999997, 0.0, 0.0, 0.0, 1.9599999999999997, 0.0, 0.0, 0.0, 7.839999999999999]",1
1598331939247617910,,7797,,1598331939,246685353,"""navsat_link""",,2,1,24.7686283333,55.3700933333,81.5,"[1.9599999999999997, 0.0, 0.0, 0.0, 1.9599999999999997, 0.0, 0.0, 0.0, 7.839999999999999]",1
1598331939297311869,,7798,,1598331939,296326002,"""navsat_link""",,2,1,24.7686283333,55.3700933333,81.49,"[1.9599999999999997, 0.0, 0.0, 0.0, 1.9599999999999997, 0.0, 0.0, 0.0, 7.839999999999999]",1
1598331939347435090,,7799,,1598331939,346432592,"""navsat_link""",,2,1,24.76863,55.3700933333,81.5,"[1.9599999999999997, 0.0, 0.0, 0.0, 1.9599999999999997, 0.0, 0.0, 0.0, 7.839999999999999]",1
1598331939397578102,,7800,,1598331939,396471544,"""navsat_link""",,2,1,24.76863,55.3700933333,81.5,"[1.9599999999999997, 0.0, 0.0, 0.0, 1.9599999999999997, 0.0, 0.0, 0.0, 7.839999999999999]",1
1598331939447309858,,7801,,1598331939,446348412,"""navsat_link""",,2,1,24.76863,55.3700933333,81.49,"[1.9599999999999997, 0.0, 0.0, 0.0, 1.9599999999999997, 0.0, 0.0, 0.0, 7.839999999999999]",1
1598331939498172696,,7802,,1598331939,497244279,"""navsat_link""",,2,1,24.7686316667,55.3700933333,81.5,"[1.9599999999999997, 0.0, 0.0, 0.0, 1.9599999999999997, 0.0, 0.0, 0.0, 7.839999999999999]",1
1598331939548317595,,7803,,1598331939,547184607,"""navsat_link""",,2,1,24.7686316667,55.3700933333,81.51,"[1.9599999999999997, 0.0, 0.0, 0.0, 1.9599999999999997, 0.0, 0.0, 0.0, 7.839999999999999]",1
1598331939598243615,,7804,,1598331939,597310991,"""navsat_link""",,2,1,24.7686316667,55.3700933333,81.51,"[1.9599999999999997, 0.0, 0.0, 0.0, 1.9599999999999997, 0.0, 0.0, 0.0, 7.839999999999999]",1
1598331939648198209,,7805,,1598331939,647193734,"""navsat_link""",,2,1,24.7686316667,55.3700933333,81.5,"[1.9599999999999997, 0.0, 0.0, 0.0, 1.9599999999999997, 0.0, 0.0, 0.0, 7.839999999999999]",1
1598331939698283787,,7806,,1598331939,697189431,"""navsat_link""",,2,1,24.7686333333,55.3700933333,81.5,"[1.9599999999999997, 0.0, 0.0, 0.0, 1.9599999999999997, 0.0, 0.0, 0.0, 7.839999999999999]",1
1598331939747239689,,7807,,1598331939,746137335,"""navsat_link""",,2,1,24.7686333333,55.3700933333,81.5,"[1.9599999999999997, 0.0, 0.0, 0.0, 1.9599999999999997, 0.0, 0.0, 0.0, 7.839999999999999]",1
1598331939798291592,,7808,,1598331939,797087589,"""navsat_link""",,2,1,24.7686333333,55.3700933333,81.52,"[1.9599999999999997, 0.0, 0.0, 0.0, 1.9599999999999997, 0.0, 0.0, 0.0, 7.839999999999999]",1
1598331939847480095,,7809,,1598331939,846159914,"""navsat_link""",,2,1,24.768635,55.3700933333,81.51,"[1.9599999999999997, 0.0, 0.0, 0.0, 1.9599999999999997, 0.0, 0.0, 0.0, 7.839999999999999]",1
1598331939897245676,,7810,,1598331939,896128561,"""navsat_link""",,2,1,24.768635,55.3700933333,81.51,"[1.9599999999999997, 0.0, 0.0, 0.0, 1.9599999999999997, 0.0, 0.0, 0.0, 7.839999999999999]",1
1598331939948176460,,7811,,1598331939,947267744,"""navsat_link""",,2,1,24.768635,55.370095,81.51,"[1.9599999999999997, 0.0, 0.0, 0.0, 1.9599999999999997, 0.0, 0.0, 0.0, 7.839999999999999]",1
1598331939998199984,,7812,,1598331939,997035469,"""navsat_link""",,2,1,24.7686366667,55.370095,81.51,"[1.9599999999999997, 0.0, 0.0, 0.0, 1.9599999999999997, 0.0, 0.0, 0.0, 7.839999999999999]",1
1598331940047172757,,7813,,1598331940,46032261,"""navsat_link""",,2,1,24.7686366667,55.370095,81.51,"[1.9599999999999997, 0.0, 0.0, 0.0, 1.9599999999999997, 0.0, 0.0, 0.0, 7.839999999999999]",1
1598331940101114370,,7814,,1598331940,100193148,"""navsat_link""",,2,1,24.7686366667,55.370095,81.52,"[1.9599999999999997, 0.0, 0.0, 0.0, 1.9599999999999997, 0.0, 0.0, 0.0, 7.839999999999999]",1
1598331940148233933,,7815,,1598331940,147172158,"""navsat_link""",,2,1,24.7686366667,55.370095,81.52,"[1.9599999999999997, 0.0, 0.0, 0.0, 1.9599999999999997, 0.0, 0.0, 0.0, 7.839999999999999]",1
1598331940197972786,,7816,,1598331940,196962794,"""navsat_link""",,2,1,24.7686383333,55.370095,81.54,"[1.9599999999999997, 0.0, 0.0, 0.0, 1.9599999999999997, 0.0, 0.0, 0.0, 7.839999999999999]",1
1598331940247823179,,7817,,1598331940,246954541,"""navsat_link""",,2,1,24.7686383333,55.370095,81.52,"[1.9599999999999997, 0.0, 0.0, 0.0, 1.9599999999999997, 0.0, 0.0, 0.0, 7.839999999999999]",1
1598331940297746550,,7818,,1598331940,296854795,"""navsat_link""",,2,1,24.7686383333,55.370095,81.53,"[1.9599999999999997, 0.0, 0.0, 0.0, 1.9599999999999997, 0.0, 0.0, 0.0, 7.839999999999999]",1
1598331940347951508,,7819,,1598331940,346846800,"""navsat_link""",,2,1,24.76864,55.370095,81.53,"[1.9599999999999997, 0.0, 0.0, 0.0, 1.9599999999999997, 0.0, 0.0, 0.0, 7.839999999999999]",1
1598331940397813233,,7820,,1598331940,396994063,"""navsat_link""",,2,1,24.76864,55.370095,81.52,"[1.9599999999999997, 0.0, 0.0, 0.0, 1.9599999999999997, 0.0, 0.0, 0.0, 7.839999999999999]",1
1598331940447872323,,7821,,1598331940,446907342,"""navsat_link""",,2,1,24.76864,55.370095,81.51,"[1.9599999999999997, 0.0, 0.0, 0.0, 1.9599999999999997, 0.0, 0.0, 0.0, 7.839999999999999]",1
1598331940497958559,,7822,,1598331940,496838249,"""navsat_link""",,2,1,24.7686416667,55.370095,81.52,"[1.9599999999999997, 0.0, 0.0, 0.0, 1.9599999999999997, 0.0, 0.0, 0.0, 7.839999999999999]",1
1598331940547697153,,7823,,1598331940,546767237,"""navsat_link""",,2,1,24.7686416667,55.370095,81.54,"[1.9599999999999997, 0.0, 0.0, 0.0, 1.9599999999999997, 0.0, 0.0, 0.0, 7.839999999999999]",1
1598331940598944676,,7824,,1598331940,597848896,"""navsat_link""",,2,1,24.7686416667,55.370095,81.55,"[1.9599999999999997, 0.0, 0.0, 0.0, 1.9599999999999997, 0.0, 0.0, 0.0, 7.839999999999999]",1
1598331940647860837,,7825,,1598331940,646755898,"""navsat_link""",,2,1,24.7686416667,55.370095,81.53,"[1.9599999999999997, 0.0, 0.0, 0.0, 1.9599999999999997, 0.0, 0.0, 0.0, 7.839999999999999]",1
1598331940697794314,,7826,,1598331940,696733713,"""navsat_link""",,2,1,24.7686433333,55.370095,81.53,"[1.9599999999999997, 0.0, 0.0, 0.0, 1.9599999999999997, 0.0, 0.0, 0.0, 7.839999999999999]",1
1598331940747926594,,7827,,1598331940,746964847,"""navsat_link""",,2,1,24.7686433333,55.370095,81.53,"[1.9599999999999997, 0.0, 0.0, 0.0, 1.9599999999999997, 0.0, 0.0, 0.0, 7.839999999999999]",1
1598331940797558572,,7828,,1598331940,796661556,"""navsat_link""",,2,1,24.7686433333,55.370095,81.55,"[1.9599999999999997, 0.0, 0.0, 0.0, 1.9599999999999997, 0.0, 0.0, 0.0, 7.839999999999999]",1
1598331940847699932,,7829,,1598331940,846643301,"""navsat_link""",,2,1,24.7686433333,55.370095,81.55,"[1.9599999999999997, 0.0, 0.0, 0.0, 1.9599999999999997, 0.0, 0.0, 0.0, 7.839999999999999]",1
1598331940897584599,,7830,,1598331940,896642846,"""navsat_link""",,2,1,24.768645,55.370095,81.54,"[1.9599999999999997, 0.0, 0.0, 0.0, 1.9599999999999997, 0.0, 0.0, 0.0, 7.839999999999999]",1
1598331940947637100,,7831,,1598331940,946599373,"""navsat_link""",,2,1,24.768645,55.370095,81.52,"[1.9599999999999997, 0.0, 0.0, 0.0, 1.9599999999999997, 0.0, 0.0, 0.0, 7.839999999999999]",1
1598331940997572578,,7832,,1598331940,996629174,"""navsat_link""",,2,1,24.768645,55.370095,81.54,"[1.9599999999999997, 0.0, 0.0, 0.0, 1.9599999999999997, 0.0, 0.0, 0.0, 7.839999999999999]",1
1598331941047870510,,7833,,1598331941,46793618,"""navsat_link""",,2,1,24.7686466667,55.370095,81.53,"[1.9599999999999997, 0.0, 0.0, 0.0, 1.9599999999999997, 0.0, 0.0, 0.0, 7.839999999999999]",1
1598331941101519616,,7834,,1598331941,100449931,"""navsat_link""",,2,1,24.7686466667,55.370095,81.55,"[1.9599999999999997, 0.0, 0.0, 0.0, 1.9599999999999997, 0.0, 0.0, 0.0, 7.839999999999999]",1
1598331941147758325,,7835,,1598331941,146508843,"""navsat_link""",,2,1,24.7686466667,55.370095,81.54,"[1.9599999999999997, 0.0, 0.0, 0.0, 1.9599999999999997, 0.0, 0.0, 0.0, 7.839999999999999]",1
1598331941197425561,,7836,,1598331941,196380339,"""navsat_link""",,2,1,24.7686483333,55.370095,81.55,"[1.9599999999999997, 0.0, 0.0, 0.0, 1.9599999999999997, 0.0, 0.0, 0.0, 7.839999999999999]",1
1598331941247467877,,7837,,1598331941,246490859,"""navsat_link""",,2,1,24.7686483333,55.370095,81.55,"[1.9599999999999997, 0.0, 0.0, 0.0, 1.9599999999999997, 0.0, 0.0, 0.0, 7.839999999999999]",1
1598331941297297068,,7838,,1598331941,296355176,"""navsat_link""",,2,1,24.7686483333,55.370095,81.54,"[1.9599999999999997, 0.0, 0.0, 0.0, 1.9599999999999997, 0.0, 0.0, 0.0, 7.839999999999999]",1
1598331941347529253,,7839,,1598331941,346433963,"""navsat_link""",,2,1,24.76865,55.370095,81.54,"[1.9599999999999997, 0.0, 0.0, 0.0, 1.9599999999999997, 0.0, 0.0, 0.0, 7.839999999999999]",1
1598331941397419054,,7840,,1598331941,396390346,"""navsat_link""",,2,1,24.76865,55.370095,81.54,"[1.9599999999999997, 0.0, 0.0, 0.0, 1.9599999999999997, 0.0, 0.0, 0.0, 7.839999999999999]",1
1598331941447450805,,7841,,1598331941,446441820,"""navsat_link""",,2,1,24.76865,55.370095,81.54,"[1.9599999999999997, 0.0, 0.0, 0.0, 1.9599999999999997, 0.0, 0.0, 0.0, 7.839999999999999]",1
1598331941497761125,,7842,,1598331941,496589905,"""navsat_link""",,2,1,24.76865,55.370095,81.56,"[1.9599999999999997, 0.0, 0.0, 0.0, 1.9599999999999997, 0.0, 0.0, 0.0, 7.839999999999999]",1
1598331941547561562,,7843,,1598331941,546459864,"""navsat_link""",,2,1,24.7686516667,55.370095,81.55,"[1.9599999999999997, 0.0, 0.0, 0.0, 1.9599999999999997, 0.0, 0.0, 0.0, 7.839999999999999]",1
1598331941598589297,,7844,,1598331941,597489935,"""navsat_link""",,2,1,24.7686516667,55.370095,81.56,"[1.9599999999999997, 0.0, 0.0, 0.0, 1.9599999999999997, 0.0, 0.0, 0.0, 7.839999999999999]",1
1598331941647259426,,7845,,1598331941,646318561,"""navsat_link""",,2,1,24.7686516667,55.370095,81.55,"[1.9599999999999997, 0.0, 0.0, 0.0, 1.9599999999999997, 0.0, 0.0, 0.0, 7.839999999999999]",1
1598331941697411698,,7846,,1598331941,696371145,"""navsat_link""",,2,1,24.7686533333,55.370095,81.53,"[1.9599999999999997, 0.0, 0.0, 0.0, 1.9599999999999997, 0.0, 0.0, 0.0, 7.839999999999999]",1
1598331941747457663,,7847,,1598331941,746374025,"""navsat_link""",,2,1,24.7686533333,55.370095,81.52,"[1.9599999999999997, 0.0, 0.0, 0.0, 1.9599999999999997, 0.0, 0.0, 0.0, 7.839999999999999]",1
1598331941797554700,,7848,,1598331941,796504669,"""navsat_link""",,2,1,24.7686533333,55.370095,81.54,"[1.9599999999999997, 0.0, 0.0, 0.0, 1.9599999999999997, 0.0, 0.0, 0.0, 7.839999999999999]",1
1598331941847364689,,7849,,1598331941,846235082,"""navsat_link""",,2,1,24.768655,55.370095,81.55,"[1.9599999999999997, 0.0, 0.0, 0.0, 1.9599999999999997, 0.0, 0.0, 0.0, 7.839999999999999]",1
1598331941897183493,,7850,,1598331941,896204347,"""navsat_link""",,2,1,24.768655,55.370095,81.56,"[1.9599999999999997, 0.0, 0.0, 0.0, 1.9599999999999997, 0.0, 0.0, 0.0, 7.839999999999999]",1
1598331941947406308,,7851,,1598331941,946253099,"""navsat_link""",,2,1,24.768655,55.370095,81.54,"[1.9599999999999997, 0.0, 0.0, 0.0, 1.9599999999999997, 0.0, 0.0, 0.0, 7.839999999999999]",1
1598331941997162622,,7852,,1598331941,996224985,"""navsat_link""",,2,1,24.7686566667,55.370095,81.53,"[1.9599999999999997, 0.0, 0.0, 0.0, 1.9599999999999997, 0.0, 0.0, 0.0, 7.839999999999999]",1
1598331942047192654,,7853,,1598331942,46195922,"""navsat_link""",,2,1,24.7686566667,55.370095,81.52,"[1.9599999999999997, 0.0, 0.0, 0.0, 1.9599999999999997, 0.0, 0.0, 0.0, 7.839999999999999]",1
1598331942100968793,,7854,,1598331942,100100897,"""navsat_link""",,2,1,24.7686566667,55.370095,81.54,"[1.9599999999999997, 0.0, 0.0, 0.0, 1.9599999999999997, 0.0, 0.0, 0.0, 7.839999999999999]",1
1598331942147142130,,7855,,1598331942,146135518,"""navsat_link""",,2,1,24.7686583333,55.370095,81.55,"[1.9599999999999997, 0.0, 0.0, 0.0, 1.9599999999999997, 0.0, 0.0, 0.0, 7.839999999999999]",1
1598331942197167495,,7856,,1598331942,196036476,"""navsat_link""",,2,1,24.7686583333,55.370095,81.56,"[1.9599999999999997, 0.0, 0.0, 0.0, 1.9599999999999997, 0.0, 0.0, 0.0, 7.839999999999999]",1
1598331942248062574,,7857,,1598331942,247009563,"""navsat_link""",,2,1,24.7686583333,55.370095,81.53,"[1.9599999999999997, 0.0, 0.0, 0.0, 1.9599999999999997, 0.0, 0.0, 0.0, 7.839999999999999]",1
1598331942298051007,,7858,,1598331942,297056831,"""navsat_link""",,2,1,24.76866,55.370095,81.52,"[1.9599999999999997, 0.0, 0.0, 0.0, 1.9599999999999997, 0.0, 0.0, 0.0, 7.839999999999999]",1
1598331942346933248,,7859,,1598331942,346032745,"""navsat_link""",,2,1,24.76866,55.370095,81.55,"[1.9599999999999997, 0.0, 0.0, 0.0, 1.9599999999999997, 0.0, 0.0, 0.0, 7.839999999999999]",1
1598331942398101828,,7860,,1598331942,397099108,"""navsat_link""",,2,1,24.76866,55.370095,81.56,"[1.9599999999999997, 0.0, 0.0, 0.0, 1.9599999999999997, 0.0, 0.0, 0.0, 7.839999999999999]",1
1598331942447961353,,7861,,1598331942,446977129,"""navsat_link""",,2,1,24.76866,55.370095,81.55,"[1.9599999999999997, 0.0, 0.0, 0.0, 1.9599999999999997, 0.0, 0.0, 0.0, 7.839999999999999]",1
1598331942497890312,,7862,,1598331942,496879335,"""navsat_link""",,2,1,24.7686616667,55.370095,81.53,"[1.9599999999999997, 0.0, 0.0, 0.0, 1.9599999999999997, 0.0, 0.0, 0.0, 7.839999999999999]",1
1598331942547822125,,7863,,1598331942,546842785,"""navsat_link""",,2,1,24.7686616667,55.370095,81.54,"[1.9599999999999997, 0.0, 0.0, 0.0, 1.9599999999999997, 0.0, 0.0, 0.0, 7.839999999999999]",1
1598331942598777747,,7864,,1598331942,597785765,"""navsat_link""",,2,1,24.7686616667,55.370095,81.54,"[1.9599999999999997, 0.0, 0.0, 0.0, 1.9599999999999997, 0.0, 0.0, 0.0, 7.839999999999999]",1
1598331942647656428,,7865,,1598331942,646733337,"""navsat_link""",,2,1,24.7686633333,55.370095,81.54,"[1.9599999999999997, 0.0, 0.0, 0.0, 1.9599999999999997, 0.0, 0.0, 0.0, 7.839999999999999]",1
1598331942697853073,,7866,,1598331942,696760220,"""navsat_link""",,2,1,24.7686633333,55.370095,81.54,"[1.9599999999999997, 0.0, 0.0, 0.0, 1.9599999999999997, 0.0, 0.0, 0.0, 7.839999999999999]",1
1598331942747698716,,7867,,1598331942,746760270,"""navsat_link""",,2,1,24.7686633333,55.370095,81.53,"[1.9599999999999997, 0.0, 0.0, 0.0, 1.9599999999999997, 0.0, 0.0, 0.0, 7.839999999999999]",1
1598331942797823514,,7868,,1598331942,796792179,"""navsat_link""",,2,1,24.768665,55.370095,81.54,"[1.9599999999999997, 0.0, 0.0, 0.0, 1.9599999999999997, 0.0, 0.0, 0.0, 7.839999999999999]",1
1598331942847809768,,7869,,1598331942,846853086,"""navsat_link""",,2,1,24.768665,55.370095,81.52,"[1.9599999999999997, 0.0, 0.0, 0.0, 1.9599999999999997, 0.0, 0.0, 0.0, 7.839999999999999]",1
1598331942897775852,,7870,,1598331942,896815555,"""navsat_link""",,2,1,24.768665,55.370095,81.54,"[1.9599999999999997, 0.0, 0.0, 0.0, 1.9599999999999997, 0.0, 0.0, 0.0, 7.839999999999999]",1
1598331942947773915,,7871,,1598331942,946662633,"""navsat_link""",,2,1,24.768665,55.370095,81.54,"[1.9599999999999997, 0.0, 0.0, 0.0, 1.9599999999999997, 0.0, 0.0, 0.0, 7.839999999999999]",1
1598331942997745582,,7872,,1598331942,996719086,"""navsat_link""",,2,1,24.7686666667,55.370095,81.53,"[1.9599999999999997, 0.0, 0.0, 0.0, 1.9599999999999997, 0.0, 0.0, 0.0, 7.839999999999999]",1
1598331943047834174,,7873,,1598331943,46783597,"""navsat_link""",,2,1,24.7686666667,55.370095,81.53,"[1.9599999999999997, 0.0, 0.0, 0.0, 1.9599999999999997, 0.0, 0.0, 0.0, 7.839999999999999]",1
1598331943100631235,,7874,,1598331943,99770053,"""navsat_link""",,2,1,24.7686666667,55.370095,81.53,"[1.9599999999999997, 0.0, 0.0, 0.0, 1.9599999999999997, 0.0, 0.0, 0.0, 7.839999999999999]",1
1598331943147864962,,7875,,1598331943,146665234,"""navsat_link""",,2,1,24.7686683333,55.370095,81.54,"[1.9599999999999997, 0.0, 0.0, 0.0, 1.9599999999999997, 0.0, 0.0, 0.0, 7.839999999999999]",1
1598331943197394587,,7876,,1598331943,196531111,"""navsat_link""",,2,1,24.7686683333,55.370095,81.54,"[1.9599999999999997, 0.0, 0.0, 0.0, 1.9599999999999997, 0.0, 0.0, 0.0, 7.839999999999999]",1
1598331943247837183,,7877,,1598331943,246736502,"""navsat_link""",,2,1,24.7686683333,55.370095,81.55,"[1.9599999999999997, 0.0, 0.0, 0.0, 1.9599999999999997, 0.0, 0.0, 0.0, 7.839999999999999]",1
1598331943297833138,,7878,,1598331943,296763498,"""navsat_link""",,2,1,24.76867,55.370095,81.54,"[1.9599999999999997, 0.0, 0.0, 0.0, 1.9599999999999997, 0.0, 0.0, 0.0, 7.839999999999999]",1
1598331943347469457,,7879,,1598331943,346445296,"""navsat_link""",,2,1,24.76867,55.370095,81.54,"[1.9599999999999997, 0.0, 0.0, 0.0, 1.9599999999999997, 0.0, 0.0, 0.0, 7.839999999999999]",1
1598331943397459010,,7880,,1598331943,396417256,"""navsat_link""",,2,1,24.76867,55.370095,81.55,"[1.9599999999999997, 0.0, 0.0, 0.0, 1.9599999999999997, 0.0, 0.0, 0.0, 7.839999999999999]",1
1598331943447452961,,7881,,1598331943,446411355,"""navsat_link""",,2,1,24.76867,55.370095,81.54,"[1.9599999999999997, 0.0, 0.0, 0.0, 1.9599999999999997, 0.0, 0.0, 0.0, 7.839999999999999]",1
1598331943497709259,,7882,,1598331943,496635899,"""navsat_link""",,2,1,24.7686716667,55.370095,81.54,"[1.9599999999999997, 0.0, 0.0, 0.0, 1.9599999999999997, 0.0, 0.0, 0.0, 7.839999999999999]",1
1598331943547506830,,7883,,1598331943,546578198,"""navsat_link""",,2,1,24.7686716667,55.370095,81.54,"[1.9599999999999997, 0.0, 0.0, 0.0, 1.9599999999999997, 0.0, 0.0, 0.0, 7.839999999999999]",1
1598331943598505929,,7884,,1598331943,597451076,"""navsat_link""",,2,1,24.7686716667,55.370095,81.54,"[1.9599999999999997, 0.0, 0.0, 0.0, 1.9599999999999997, 0.0, 0.0, 0.0, 7.839999999999999]",1
1598331943647725298,,7885,,1598331943,646625653,"""navsat_link""",,2,1,24.7686733333,55.370095,81.54,"[1.9599999999999997, 0.0, 0.0, 0.0, 1.9599999999999997, 0.0, 0.0, 0.0, 7.839999999999999]",1
1598331943697550916,,7886,,1598331943,696568863,"""navsat_link""",,2,1,24.7686733333,55.370095,81.54,"[1.9599999999999997, 0.0, 0.0, 0.0, 1.9599999999999997, 0.0, 0.0, 0.0, 7.839999999999999]",1
1598331943747411378,,7887,,1598331943,746404719,"""navsat_link""",,2,1,24.7686733333,55.370095,81.55,"[1.9599999999999997, 0.0, 0.0, 0.0, 1.9599999999999997, 0.0, 0.0, 0.0, 7.839999999999999]",1
1598331943797278712,,7888,,1598331943,796262276,"""navsat_link""",,2,1,24.7686733333,55.370095,81.54,"[1.9599999999999997, 0.0, 0.0, 0.0, 1.9599999999999997, 0.0, 0.0, 0.0, 7.839999999999999]",1
1598331943847315399,,7889,,1598331943,846255181,"""navsat_link""",,2,1,24.768675,55.370095,81.54,"[1.9599999999999997, 0.0, 0.0, 0.0, 1.9599999999999997, 0.0, 0.0, 0.0, 7.839999999999999]",1
1598331943897220975,,7890,,1598331943,896193972,"""navsat_link""",,2,1,24.768675,55.370095,81.55,"[1.9599999999999997, 0.0, 0.0, 0.0, 1.9599999999999997, 0.0, 0.0, 0.0, 7.839999999999999]",1
1598331943947262677,,7891,,1598331943,946227129,"""navsat_link""",,2,1,24.768675,55.370095,81.55,"[1.9599999999999997, 0.0, 0.0, 0.0, 1.9599999999999997, 0.0, 0.0, 0.0, 7.839999999999999]",1
1598331943997270214,,7892,,1598331943,996228338,"""navsat_link""",,2,1,24.7686766667,55.370095,81.53,"[1.9599999999999997, 0.0, 0.0, 0.0, 1.9599999999999997, 0.0, 0.0, 0.0, 7.839999999999999]",1
1598331944047063708,,7893,,1598331944,46113118,"""navsat_link""",,2,1,24.7686766667,55.370095,81.54,"[1.9599999999999997, 0.0, 0.0, 0.0, 1.9599999999999997, 0.0, 0.0, 0.0, 7.839999999999999]",1
1598331944099946856,,7894,,1598331944,99114356,"""navsat_link""",,2,1,24.7686766667,55.370095,81.56,"[1.9599999999999997, 0.0, 0.0, 0.0, 1.9599999999999997, 0.0, 0.0, 0.0, 7.839999999999999]",1
1598331944147126445,,7895,,1598331944,146115585,"""navsat_link""",,2,1,24.7686766667,55.370095,81.54,"[1.9599999999999997, 0.0, 0.0, 0.0, 1.9599999999999997, 0.0, 0.0, 0.0, 7.839999999999999]",1
1598331944197028316,,7896,,1598331944,196027688,"""navsat_link""",,2,1,24.7686783333,55.370095,81.54,"[1.9599999999999997, 0.0, 0.0, 0.0, 1.9599999999999997, 0.0, 0.0, 0.0, 7.839999999999999]",1
1598331944247241645,,7897,,1598331944,246005916,"""navsat_link""",,2,1,24.7686783333,55.370095,81.55,"[1.9599999999999997, 0.0, 0.0, 0.0, 1.9599999999999997, 0.0, 0.0, 0.0, 7.839999999999999]",1
1598331944297892619,,7898,,1598331944,296969791,"""navsat_link""",,2,1,24.7686783333,55.370095,81.54,"[1.9599999999999997, 0.0, 0.0, 0.0, 1.9599999999999997, 0.0, 0.0, 0.0, 7.839999999999999]",1
1598331944347175671,,7899,,1598331944,346038583,"""navsat_link""",,2,1,24.76868,55.370095,81.53,"[1.9599999999999997, 0.0, 0.0, 0.0, 1.9599999999999997, 0.0, 0.0, 0.0, 7.839999999999999]",1
1598331944397187587,,7900,,1598331944,396068149,"""navsat_link""",,2,1,24.76868,55.370095,81.54,"[1.9599999999999997, 0.0, 0.0, 0.0, 1.9599999999999997, 0.0, 0.0, 0.0, 7.839999999999999]",1
1598331944447054290,,7901,,1598331944,445971438,"""navsat_link""",,2,1,24.76868,55.370095,81.55,"[1.9599999999999997, 0.0, 0.0, 0.0, 1.9599999999999997, 0.0, 0.0, 0.0, 7.839999999999999]",1
1598331944497031022,,7902,,1598331944,495931837,"""navsat_link""",,2,1,24.7686816667,55.370095,81.54,"[1.9599999999999997, 0.0, 0.0, 0.0, 1.9599999999999997, 0.0, 0.0, 0.0, 7.839999999999999]",1
1598331944547902029,,7903,,1598331944,546880404,"""navsat_link""",,2,1,24.7686816667,55.370095,81.55,"[1.9599999999999997, 0.0, 0.0, 0.0, 1.9599999999999997, 0.0, 0.0, 0.0, 7.839999999999999]",1
1598331944598030935,,7904,,1598331944,597030677,"""navsat_link""",,2,1,24.7686816667,55.370095,81.55,"[1.9599999999999997, 0.0, 0.0, 0.0, 1.9599999999999997, 0.0, 0.0, 0.0, 7.839999999999999]",1
1598331944646687768,,7905,,1598331944,645810558,"""navsat_link""",,2,1,24.7686816667,55.370095,81.54,"[1.9599999999999997, 0.0, 0.0, 0.0, 1.9599999999999997, 0.0, 0.0, 0.0, 7.839999999999999]",1
1598331944697939266,,7906,,1598331944,696885044,"""navsat_link""",,2,1,24.7686833333,55.370095,81.54,"[1.9599999999999997, 0.0, 0.0, 0.0, 1.9599999999999997, 0.0, 0.0, 0.0, 7.839999999999999]",1
1598331944747698402,,7907,,1598331944,746801126,"""navsat_link""",,2,1,24.7686833333,55.370095,81.55,"[1.9599999999999997, 0.0, 0.0, 0.0, 1.9599999999999997, 0.0, 0.0, 0.0, 7.839999999999999]",1
1598331944797883044,,7908,,1598331944,796839911,"""navsat_link""",,2,1,24.7686833333,55.370095,81.54,"[1.9599999999999997, 0.0, 0.0, 0.0, 1.9599999999999997, 0.0, 0.0, 0.0, 7.839999999999999]",1
1598331944847714059,,7909,,1598331944,846801591,"""navsat_link""",,2,1,24.768685,55.370095,81.55,"[1.9599999999999997, 0.0, 0.0, 0.0, 1.9599999999999997, 0.0, 0.0, 0.0, 7.839999999999999]",1
1598331944897985152,,7910,,1598331944,897038332,"""navsat_link""",,2,1,24.768685,55.370095,81.55,"[1.9599999999999997, 0.0, 0.0, 0.0, 1.9599999999999997, 0.0, 0.0, 0.0, 7.839999999999999]",1
1598331944947749244,,7911,,1598331944,946775328,"""navsat_link""",,2,1,24.768685,55.370095,81.55,"[1.9599999999999997, 0.0, 0.0, 0.0, 1.9599999999999997, 0.0, 0.0, 0.0, 7.839999999999999]",1
1598331944997726113,,7912,,1598331944,996724364,"""navsat_link""",,2,1,24.768685,55.370095,81.55,"[1.9599999999999997, 0.0, 0.0, 0.0, 1.9599999999999997, 0.0, 0.0, 0.0, 7.839999999999999]",1
1598331945047787133,,7913,,1598331945,46838701,"""navsat_link""",,2,1,24.7686866667,55.370095,81.55,"[1.9599999999999997, 0.0, 0.0, 0.0, 1.9599999999999997, 0.0, 0.0, 0.0, 7.839999999999999]",1
1598331945101701168,,7914,,1598331945,100688617,"""navsat_link""",,2,1,24.7686866667,55.370095,81.55,"[1.9599999999999997, 0.0, 0.0, 0.0, 1.9599999999999997, 0.0, 0.0, 0.0, 7.839999999999999]",1
1598331945147616835,,7915,,1598331945,146643284,"""navsat_link""",,2,1,24.7686866667,55.370095,81.55,"[1.9599999999999997, 0.0, 0.0, 0.0, 1.9599999999999997, 0.0, 0.0, 0.0, 7.839999999999999]",1
1598331945197653956,,7916,,1598331945,196604516,"""navsat_link""",,2,1,24.7686866667,55.370095,81.54,"[1.9599999999999997, 0.0, 0.0, 0.0, 1.9599999999999997, 0.0, 0.0, 0.0, 7.839999999999999]",1
1598331945247749609,,7917,,1598331945,246591900,"""navsat_link""",,2,1,24.7686883333,55.370095,81.55,"[1.9599999999999997, 0.0, 0.0, 0.0, 1.9599999999999997, 0.0, 0.0, 0.0, 7.839999999999999]",1
1598331945297784101,,7918,,1598331945,296727282,"""navsat_link""",,2,1,24.7686883333,55.370095,81.55,"[1.9599999999999997, 0.0, 0.0, 0.0, 1.9599999999999997, 0.0, 0.0, 0.0, 7.839999999999999]",1
1598331945347809908,,7919,,1598331945,346692312,"""navsat_link""",,2,1,24.7686883333,55.370095,81.55,"[1.9599999999999997, 0.0, 0.0, 0.0, 1.9599999999999997, 0.0, 0.0, 0.0, 7.839999999999999]",1
1598331945397858423,,7920,,1598331945,396765325,"""navsat_link""",,2,1,24.76869,55.370095,81.56,"[1.9599999999999997, 0.0, 0.0, 0.0, 1.9599999999999997, 0.0, 0.0, 0.0, 7.839999999999999]",1
1598331945447717291,,7921,,1598331945,446497666,"""navsat_link""",,2,1,24.76869,55.370095,81.55,"[1.9599999999999997, 0.0, 0.0, 0.0, 1.9599999999999997, 0.0, 0.0, 0.0, 7.839999999999999]",1
1598331945497551704,,7922,,1598331945,496528309,"""navsat_link""",,2,1,24.76869,55.370095,81.56,"[1.9599999999999997, 0.0, 0.0, 0.0, 1.9599999999999997, 0.0, 0.0, 0.0, 7.839999999999999]",1
1598331945547428898,,7923,,1598331945,546428533,"""navsat_link""",,2,1,24.76869,55.370095,81.57,"[1.9599999999999997, 0.0, 0.0, 0.0, 1.9599999999999997, 0.0, 0.0, 0.0, 7.839999999999999]",1
1598331945598597223,,7924,,1598331945,597447470,"""navsat_link""",,2,1,24.7686916667,55.370095,81.57,"[1.9599999999999997, 0.0, 0.0, 0.0, 1.9599999999999997, 0.0, 0.0, 0.0, 7.839999999999999]",1
1598331945647539213,,7925,,1598331945,646612519,"""navsat_link""",,2,1,24.7686916667,55.370095,81.58,"[1.9599999999999997, 0.0, 0.0, 0.0, 1.9599999999999997, 0.0, 0.0, 0.0, 7.839999999999999]",1
1598331945697408976,,7926,,1598331945,696380161,"""navsat_link""",,2,1,24.7686916667,55.370095,81.57,"[1.9599999999999997, 0.0, 0.0, 0.0, 1.9599999999999997, 0.0, 0.0, 0.0, 7.839999999999999]",1
1598331945747428817,,7927,,1598331945,746408237,"""navsat_link""",,2,1,24.7686933333,55.370095,81.56,"[1.9599999999999997, 0.0, 0.0, 0.0, 1.9599999999999997, 0.0, 0.0, 0.0, 7.839999999999999]",1
1598331945797461458,,7928,,1598331945,796378654,"""navsat_link""",,2,1,24.7686933333,55.370095,81.56,"[1.9599999999999997, 0.0, 0.0, 0.0, 1.9599999999999997, 0.0, 0.0, 0.0, 7.839999999999999]",1
1598331945847492177,,7929,,1598331945,846383945,"""navsat_link""",,2,1,24.7686933333,55.370095,81.56,"[1.9599999999999997, 0.0, 0.0, 0.0, 1.9599999999999997, 0.0, 0.0, 0.0, 7.839999999999999]",1
1598331945897393085,,7930,,1598331945,896396009,"""navsat_link""",,2,1,24.7686933333,55.370095,81.57,"[1.9599999999999997, 0.0, 0.0, 0.0, 1.9599999999999997, 0.0, 0.0, 0.0, 7.839999999999999]",1
1598331945947320220,,7931,,1598331945,946298152,"""navsat_link""",,2,1,24.768695,55.370095,81.56,"[1.9599999999999997, 0.0, 0.0, 0.0, 1.9599999999999997, 0.0, 0.0, 0.0, 7.839999999999999]",1
1598331945997157829,,7932,,1598331945,996207144,"""navsat_link""",,2,1,24.768695,55.370095,81.57,"[1.9599999999999997, 0.0, 0.0, 0.0, 1.9599999999999997, 0.0, 0.0, 0.0, 7.839999999999999]",1
1598331946047404184,,7933,,1598331946,46292773,"""navsat_link""",,2,1,24.768695,55.370095,81.58,"[1.9599999999999997, 0.0, 0.0, 0.0, 1.9599999999999997, 0.0, 0.0, 0.0, 7.839999999999999]",1
1598331946101165656,,7934,,1598331946,100316191,"""navsat_link""",,2,1,24.768695,55.370095,81.57,"[1.9599999999999997, 0.0, 0.0, 0.0, 1.9599999999999997, 0.0, 0.0, 0.0, 7.839999999999999]",1
1598331946147391367,,7935,,1598331946,146349853,"""navsat_link""",,2,1,24.7686966667,55.370095,81.56,"[1.9599999999999997, 0.0, 0.0, 0.0, 1.9599999999999997, 0.0, 0.0, 0.0, 7.839999999999999]",1
1598331946197447915,,7936,,1598331946,196357853,"""navsat_link""",,2,1,24.7686966667,55.370095,81.57,"[1.9599999999999997, 0.0, 0.0, 0.0, 1.9599999999999997, 0.0, 0.0, 0.0, 7.839999999999999]",1
1598331946247098381,,7937,,1598331946,246119489,"""navsat_link""",,2,1,24.7686966667,55.370095,81.57,"[1.9599999999999997, 0.0, 0.0, 0.0, 1.9599999999999997, 0.0, 0.0, 0.0, 7.839999999999999]",1
1598331946297960869,,7938,,1598331946,297041441,"""navsat_link""",,2,1,24.7686966667,55.370095,81.58,"[1.9599999999999997, 0.0, 0.0, 0.0, 1.9599999999999997, 0.0, 0.0, 0.0, 7.839999999999999]",1
1598331946347199885,,7939,,1598331946,346065468,"""navsat_link""",,2,1,24.7686966667,55.370095,81.57,"[1.9599999999999997, 0.0, 0.0, 0.0, 1.9599999999999997, 0.0, 0.0, 0.0, 7.839999999999999]",1
1598331946397168927,,7940,,1598331946,396191964,"""navsat_link""",,2,1,24.7686983333,55.370095,81.57,"[1.9599999999999997, 0.0, 0.0, 0.0, 1.9599999999999997, 0.0, 0.0, 0.0, 7.839999999999999]",1
1598331946447284633,,7941,,1598331946,446254313,"""navsat_link""",,2,1,24.7686983333,55.370095,81.58,"[1.9599999999999997, 0.0, 0.0, 0.0, 1.9599999999999997, 0.0, 0.0, 0.0, 7.839999999999999]",1
1598331946496876359,,7942,,1598331946,495986206,"""navsat_link""",,2,1,24.7686983333,55.370095,81.57,"[1.9599999999999997, 0.0, 0.0, 0.0, 1.9599999999999997, 0.0, 0.0, 0.0, 7.839999999999999]",1
1598331946547094605,,7943,,1598331946,546166907,"""navsat_link""",,2,1,24.7686983333,55.370095,81.57,"[1.9599999999999997, 0.0, 0.0, 0.0, 1.9599999999999997, 0.0, 0.0, 0.0, 7.839999999999999]",1
1598331946597909223,,7944,,1598331946,596926610,"""navsat_link""",,2,1,24.7686983333,55.370095,81.57,"[1.9599999999999997, 0.0, 0.0, 0.0, 1.9599999999999997, 0.0, 0.0, 0.0, 7.839999999999999]",1
1598331946647226662,,7945,,1598331946,646161720,"""navsat_link""",,2,1,24.7686983333,55.370095,81.57,"[1.9599999999999997, 0.0, 0.0, 0.0, 1.9599999999999997, 0.0, 0.0, 0.0, 7.839999999999999]",1
1598331946698060073,,7946,,1598331946,696948962,"""navsat_link""",,2,1,24.7687,55.370095,81.57,"[1.9599999999999997, 0.0, 0.0, 0.0, 1.9599999999999997, 0.0, 0.0, 0.0, 7.839999999999999]",1
1598331946746865576,,7947,,1598331946,745891183,"""navsat_link""",,2,1,24.7687,55.370095,81.57,"[1.9599999999999997, 0.0, 0.0, 0.0, 1.9599999999999997, 0.0, 0.0, 0.0, 7.839999999999999]",1
1598331946797057591,,7948,,1598331946,795974078,"""navsat_link""",,2,1,24.7687,55.370095,81.57,"[1.9599999999999997, 0.0, 0.0, 0.0, 1.9599999999999997, 0.0, 0.0, 0.0, 7.839999999999999]",1
1598331946847640491,,7949,,1598331946,846779776,"""navsat_link""",,2,1,24.7687,55.370095,81.56,"[1.9599999999999997, 0.0, 0.0, 0.0, 1.9599999999999997, 0.0, 0.0, 0.0, 7.839999999999999]",1
1598331946897936187,,7950,,1598331946,897001453,"""navsat_link""",,2,1,24.7687,55.370095,81.57,"[1.9599999999999997, 0.0, 0.0, 0.0, 1.9599999999999997, 0.0, 0.0, 0.0, 7.839999999999999]",1
1598331946946917343,,7951,,1598331946,945810722,"""navsat_link""",,2,1,24.7687,55.370095,81.56,"[1.9599999999999997, 0.0, 0.0, 0.0, 1.9599999999999997, 0.0, 0.0, 0.0, 7.839999999999999]",1
1598331946997802935,,7952,,1598331946,996762111,"""navsat_link""",,2,1,24.7687,55.370095,81.56,"[1.9599999999999997, 0.0, 0.0, 0.0, 1.9599999999999997, 0.0, 0.0, 0.0, 7.839999999999999]",1
1598331947047627590,,7953,,1598331947,46758203,"""navsat_link""",,2,1,24.7687,55.370095,81.56,"[1.9599999999999997, 0.0, 0.0, 0.0, 1.9599999999999997, 0.0, 0.0, 0.0, 7.839999999999999]",1
1598331947100765534,,7954,,1598331947,99776160,"""navsat_link""",,2,1,24.7687,55.370095,81.57,"[1.9599999999999997, 0.0, 0.0, 0.0, 1.9599999999999997, 0.0, 0.0, 0.0, 7.839999999999999]",1
1598331947147808478,,7955,,1598331947,146729112,"""navsat_link""",,2,1,24.7687,55.370095,81.56,"[1.9599999999999997, 0.0, 0.0, 0.0, 1.9599999999999997, 0.0, 0.0, 0.0, 7.839999999999999]",1
1598331947197611933,,7956,,1598331947,196617356,"""navsat_link""",,2,1,24.7687,55.370095,81.56,"[1.9599999999999997, 0.0, 0.0, 0.0, 1.9599999999999997, 0.0, 0.0, 0.0, 7.839999999999999]",1
1598331947247518823,,7957,,1598331947,246621509,"""navsat_link""",,2,1,24.7687,55.370095,81.56,"[1.9599999999999997, 0.0, 0.0, 0.0, 1.9599999999999997, 0.0, 0.0, 0.0, 7.839999999999999]",1
1598331947297711630,,7958,,1598331947,296757826,"""navsat_link""",,2,1,24.7687,55.370095,81.57,"[1.9599999999999997, 0.0, 0.0, 0.0, 1.9599999999999997, 0.0, 0.0, 0.0, 7.839999999999999]",1
1598331947347599485,,7959,,1598331947,346613837,"""navsat_link""",,2,1,24.7687,55.370095,81.55,"[1.9599999999999997, 0.0, 0.0, 0.0, 1.9599999999999997, 0.0, 0.0, 0.0, 7.839999999999999]",1
1598331947397625602,,7960,,1598331947,396564459,"""navsat_link""",,2,1,24.7687,55.370095,81.57,"[1.9599999999999997, 0.0, 0.0, 0.0, 1.9599999999999997, 0.0, 0.0, 0.0, 7.839999999999999]",1
1598331947447508156,,7961,,1598331947,446553020,"""navsat_link""",,2,1,24.7687,55.370095,81.56,"[1.9599999999999997, 0.0, 0.0, 0.0, 1.9599999999999997, 0.0, 0.0, 0.0, 7.839999999999999]",1
1598331947497610505,,7962,,1598331947,496539171,"""navsat_link""",,2,1,24.7687,55.370095,81.57,"[1.9599999999999997, 0.0, 0.0, 0.0, 1.9599999999999997, 0.0, 0.0, 0.0, 7.839999999999999]",1
1598331947547578044,,7963,,1598331947,546546118,"""navsat_link""",,2,1,24.7687,55.370095,81.57,"[1.9599999999999997, 0.0, 0.0, 0.0, 1.9599999999999997, 0.0, 0.0, 0.0, 7.839999999999999]",1
1598331947597589299,,7964,,1598331947,596548577,"""navsat_link""",,2,1,24.7687,55.370095,81.56,"[1.9599999999999997, 0.0, 0.0, 0.0, 1.9599999999999997, 0.0, 0.0, 0.0, 7.839999999999999]",1
1598331947647639905,,7965,,1598331947,646599914,"""navsat_link""",,2,1,24.7687,55.370095,81.56,"[1.9599999999999997, 0.0, 0.0, 0.0, 1.9599999999999997, 0.0, 0.0, 0.0, 7.839999999999999]",1
1598331947697732596,,7966,,1598331947,696635587,"""navsat_link""",,2,1,24.7687,55.370095,81.57,"[1.9599999999999997, 0.0, 0.0, 0.0, 1.9599999999999997, 0.0, 0.0, 0.0, 7.839999999999999]",1
1598331947747642853,,7967,,1598331947,746638195,"""navsat_link""",,2,1,24.7687,55.370095,81.58,"[1.9599999999999997, 0.0, 0.0, 0.0, 1.9599999999999997, 0.0, 0.0, 0.0, 7.839999999999999]",1
1598331947797648722,,7968,,1598331947,796590221,"""navsat_link""",,2,1,24.7687,55.370095,81.57,"[1.9599999999999997, 0.0, 0.0, 0.0, 1.9599999999999997, 0.0, 0.0, 0.0, 7.839999999999999]",1
1598331947847455209,,7969,,1598331947,846326519,"""navsat_link""",,2,1,24.7687,55.370095,81.57,"[1.9599999999999997, 0.0, 0.0, 0.0, 1.9599999999999997, 0.0, 0.0, 0.0, 7.839999999999999]",1
1598331947897488905,,7970,,1598331947,896414814,"""navsat_link""",,2,1,24.7687,55.370095,81.57,"[1.9599999999999997, 0.0, 0.0, 0.0, 1.9599999999999997, 0.0, 0.0, 0.0, 7.839999999999999]",1
1598331947947389984,,7971,,1598331947,946451798,"""navsat_link""",,2,1,24.7687,55.370095,81.57,"[1.9599999999999997, 0.0, 0.0, 0.0, 1.9599999999999997, 0.0, 0.0, 0.0, 7.839999999999999]",1
1598331947997439759,,7972,,1598331947,996346701,"""navsat_link""",,2,1,24.7687,55.370095,81.58,"[1.9599999999999997, 0.0, 0.0, 0.0, 1.9599999999999997, 0.0, 0.0, 0.0, 7.839999999999999]",1
1598331948047598786,,7973,,1598331948,46479404,"""navsat_link""",,2,1,24.7687,55.370095,81.57,"[1.9599999999999997, 0.0, 0.0, 0.0, 1.9599999999999997, 0.0, 0.0, 0.0, 7.839999999999999]",1
1598331948100375879,,7974,,1598331948,99261366,"""navsat_link""",,2,1,24.7687,55.370095,81.57,"[1.9599999999999997, 0.0, 0.0, 0.0, 1.9599999999999997, 0.0, 0.0, 0.0, 7.839999999999999]",1
1598331948147481293,,7975,,1598331948,146463592,"""navsat_link""",,2,1,24.7687,55.370095,81.57,"[1.9599999999999997, 0.0, 0.0, 0.0, 1.9599999999999997, 0.0, 0.0, 0.0, 7.839999999999999]",1
1598331948197260184,,7976,,1598331948,196165245,"""navsat_link""",,2,1,24.7687,55.370095,81.58,"[1.9599999999999997, 0.0, 0.0, 0.0, 1.9599999999999997, 0.0, 0.0, 0.0, 7.839999999999999]",1
1598331948247207362,,7977,,1598331948,246147790,"""navsat_link""",,2,1,24.7687,55.370095,81.56,"[1.9599999999999997, 0.0, 0.0, 0.0, 1.9599999999999997, 0.0, 0.0, 0.0, 7.839999999999999]",1
1598331948297440590,,7978,,1598331948,296324636,"""navsat_link""",,2,1,24.7687,55.370095,81.57,"[1.9599999999999997, 0.0, 0.0, 0.0, 1.9599999999999997, 0.0, 0.0, 0.0, 7.839999999999999]",1
1598331948347283416,,7979,,1598331948,346118635,"""navsat_link""",,2,1,24.7687,55.370095,81.57,"[1.9599999999999997, 0.0, 0.0, 0.0, 1.9599999999999997, 0.0, 0.0, 0.0, 7.839999999999999]",1
1598331948396977244,,7980,,1598331948,396014620,"""navsat_link""",,2,1,24.7687,55.370095,81.56,"[1.9599999999999997, 0.0, 0.0, 0.0, 1.9599999999999997, 0.0, 0.0, 0.0, 7.839999999999999]",1
1598331948447101239,,7981,,1598331948,445977465,"""navsat_link""",,2,1,24.7687,55.370095,81.56,"[1.9599999999999997, 0.0, 0.0, 0.0, 1.9599999999999997, 0.0, 0.0, 0.0, 7.839999999999999]",1
1598331948497069739,,7982,,1598331948,496164870,"""navsat_link""",,2,1,24.7687,55.370095,81.57,"[1.9599999999999997, 0.0, 0.0, 0.0, 1.9599999999999997, 0.0, 0.0, 0.0, 7.839999999999999]",1
1598331948546938913,,7983,,1598331948,545984017,"""navsat_link""",,2,1,24.7687,55.370095,81.56,"[1.9599999999999997, 0.0, 0.0, 0.0, 1.9599999999999997, 0.0, 0.0, 0.0, 7.839999999999999]",1
1598331948598118289,,7984,,1598331948,596955645,"""navsat_link""",,2,1,24.7687,55.370095,81.57,"[1.9599999999999997, 0.0, 0.0, 0.0, 1.9599999999999997, 0.0, 0.0, 0.0, 7.839999999999999]",1
1598331948647069042,,7985,,1598331948,645961028,"""navsat_link""",,2,1,24.7687,55.370095,81.56,"[1.9599999999999997, 0.0, 0.0, 0.0, 1.9599999999999997, 0.0, 0.0, 0.0, 7.839999999999999]",1
1598331948696782767,,7986,,1598331948,695837119,"""navsat_link""",,2,1,24.7687,55.370095,81.57,"[1.9599999999999997, 0.0, 0.0, 0.0, 1.9599999999999997, 0.0, 0.0, 0.0, 7.839999999999999]",1
1598331948747950002,,7987,,1598331948,746885187,"""navsat_link""",,2,1,24.7687,55.370095,81.57,"[1.9599999999999997, 0.0, 0.0, 0.0, 1.9599999999999997, 0.0, 0.0, 0.0, 7.839999999999999]",1
1598331948796869761,,7988,,1598331948,795871107,"""navsat_link""",,2,1,24.7687,55.370095,81.56,"[1.9599999999999997, 0.0, 0.0, 0.0, 1.9599999999999997, 0.0, 0.0, 0.0, 7.839999999999999]",1
1598331948846930044,,7989,,1598331948,845792728,"""navsat_link""",,2,1,24.7687,55.370095,81.55,"[1.9599999999999997, 0.0, 0.0, 0.0, 1.9599999999999997, 0.0, 0.0, 0.0, 7.839999999999999]",1
1598331948897915300,,7990,,1598331948,896954909,"""navsat_link""",,2,1,24.7687,55.370095,81.57,"[1.9599999999999997, 0.0, 0.0, 0.0, 1.9599999999999997, 0.0, 0.0, 0.0, 7.839999999999999]",1
1598331948946942575,,7991,,1598331948,945865965,"""navsat_link""",,2,1,24.7687,55.370095,81.56,"[1.9599999999999997, 0.0, 0.0, 0.0, 1.9599999999999997, 0.0, 0.0, 0.0, 7.839999999999999]",1
1598331948997755997,,7992,,1598331948,996758321,"""navsat_link""",,2,1,24.7687,55.370095,81.56,"[1.9599999999999997, 0.0, 0.0, 0.0, 1.9599999999999997, 0.0, 0.0, 0.0, 7.839999999999999]",1
1598331949047799270,,7993,,1598331949,46700069,"""navsat_link""",,2,1,24.7687,55.370095,81.55,"[1.9599999999999997, 0.0, 0.0, 0.0, 1.9599999999999997, 0.0, 0.0, 0.0, 7.839999999999999]",1
1598331949100629929,,7994,,1598331949,99713771,"""navsat_link""",,2,1,24.7687,55.370095,81.56,"[1.9599999999999997, 0.0, 0.0, 0.0, 1.9599999999999997, 0.0, 0.0, 0.0, 7.839999999999999]",1
1598331949147860463,,7995,,1598331949,146684414,"""navsat_link""",,2,1,24.7687,55.370095,81.55,"[1.9599999999999997, 0.0, 0.0, 0.0, 1.9599999999999997, 0.0, 0.0, 0.0, 7.839999999999999]",1
1598331949197627581,,7996,,1598331949,196578468,"""navsat_link""",,2,1,24.7687,55.370095,81.56,"[1.9599999999999997, 0.0, 0.0, 0.0, 1.9599999999999997, 0.0, 0.0, 0.0, 7.839999999999999]",1
1598331949247611862,,7997,,1598331949,246596108,"""navsat_link""",,2,1,24.7687,55.370095,81.56,"[1.9599999999999997, 0.0, 0.0, 0.0, 1.9599999999999997, 0.0, 0.0, 0.0, 7.839999999999999]",1
1598331949297686990,,7998,,1598331949,296576749,"""navsat_link""",,2,1,24.7687,55.370095,81.56,"[1.9599999999999997, 0.0, 0.0, 0.0, 1.9599999999999997, 0.0, 0.0, 0.0, 7.839999999999999]",1
1598331949347724446,,7999,,1598331949,346645367,"""navsat_link""",,2,1,24.7687,55.370095,81.55,"[1.9599999999999997, 0.0, 0.0, 0.0, 1.9599999999999997, 0.0, 0.0, 0.0, 7.839999999999999]",1
1598331949397746094,,8000,,1598331949,396719838,"""navsat_link""",,2,1,24.7687,55.370095,81.57,"[1.9599999999999997, 0.0, 0.0, 0.0, 1.9599999999999997, 0.0, 0.0, 0.0, 7.839999999999999]",1
1598331949447639017,,8001,,1598331949,446741978,"""navsat_link""",,2,1,24.7687,55.370095,81.57,"[1.9599999999999997, 0.0, 0.0, 0.0, 1.9599999999999997, 0.0, 0.0, 0.0, 7.839999999999999]",1
1598331949497547390,,8002,,1598331949,496572622,"""navsat_link""",,2,1,24.7687,55.370095,81.57,"[1.9599999999999997, 0.0, 0.0, 0.0, 1.9599999999999997, 0.0, 0.0, 0.0, 7.839999999999999]",1
1598331949547593542,,8003,,1598331949,546486584,"""navsat_link""",,2,1,24.7687,55.370095,81.56,"[1.9599999999999997, 0.0, 0.0, 0.0, 1.9599999999999997, 0.0, 0.0, 0.0, 7.839999999999999]",1
1598331949597536866,,8004,,1598331949,596511300,"""navsat_link""",,2,1,24.7687,55.370095,81.57,"[1.9599999999999997, 0.0, 0.0, 0.0, 1.9599999999999997, 0.0, 0.0, 0.0, 7.839999999999999]",1
1598331949647384649,,8005,,1598331949,646467991,"""navsat_link""",,2,1,24.7687,55.370095,81.58,"[1.9599999999999997, 0.0, 0.0, 0.0, 1.9599999999999997, 0.0, 0.0, 0.0, 7.839999999999999]",1
1598331949697615373,,8006,,1598331949,696490727,"""navsat_link""",,2,1,24.7687,55.370095,81.57,"[1.9599999999999997, 0.0, 0.0, 0.0, 1.9599999999999997, 0.0, 0.0, 0.0, 7.839999999999999]",1
1598331949747362364,,8007,,1598331949,746419125,"""navsat_link""",,2,1,24.7687,55.370095,81.56,"[1.9599999999999997, 0.0, 0.0, 0.0, 1.9599999999999997, 0.0, 0.0, 0.0, 7.839999999999999]",1
1598331949797455642,,8008,,1598331949,796382240,"""navsat_link""",,2,1,24.7687,55.370095,81.57,"[1.9599999999999997, 0.0, 0.0, 0.0, 1.9599999999999997, 0.0, 0.0, 0.0, 7.839999999999999]",1
1598331949847489846,,8009,,1598331949,846534535,"""navsat_link""",,2,1,24.7687,55.370095,81.57,"[1.9599999999999997, 0.0, 0.0, 0.0, 1.9599999999999997, 0.0, 0.0, 0.0, 7.839999999999999]",1
1598331949897266597,,8010,,1598331949,896386560,"""navsat_link""",,2,1,24.7687,55.370095,81.57,"[1.9599999999999997, 0.0, 0.0, 0.0, 1.9599999999999997, 0.0, 0.0, 0.0, 7.839999999999999]",1
1598331949947457581,,8011,,1598331949,946504242,"""navsat_link""",,2,1,24.7687,55.370095,81.57,"[1.9599999999999997, 0.0, 0.0, 0.0, 1.9599999999999997, 0.0, 0.0, 0.0, 7.839999999999999]",1
1598331949997513043,,8012,,1598331949,996484114,"""navsat_link""",,2,1,24.7687,55.370095,81.57,"[1.9599999999999997, 0.0, 0.0, 0.0, 1.9599999999999997, 0.0, 0.0, 0.0, 7.839999999999999]",1
1598331950047286229,,8013,,1598331950,46243174,"""navsat_link""",,2,1,24.7687,55.370095,81.56,"[1.9599999999999997, 0.0, 0.0, 0.0, 1.9599999999999997, 0.0, 0.0, 0.0, 7.839999999999999]",1
1598331950100306936,,8014,,1598331950,99273420,"""navsat_link""",,2,1,24.7687,55.370095,81.57,"[1.9599999999999997, 0.0, 0.0, 0.0, 1.9599999999999997, 0.0, 0.0, 0.0, 7.839999999999999]",1
1598331950147259721,,8015,,1598331950,146197326,"""navsat_link""",,2,1,24.7687,55.370095,81.57,"[1.9599999999999997, 0.0, 0.0, 0.0, 1.9599999999999997, 0.0, 0.0, 0.0, 7.839999999999999]",1
1598331950197405757,,8016,,1598331950,196209101,"""navsat_link""",,2,1,24.7687,55.370095,81.56,"[1.9599999999999997, 0.0, 0.0, 0.0, 1.9599999999999997, 0.0, 0.0, 0.0, 7.839999999999999]",1
1598331950247328595,,8017,,1598331950,246199037,"""navsat_link""",,2,1,24.7687,55.370095,81.57,"[1.9599999999999997, 0.0, 0.0, 0.0, 1.9599999999999997, 0.0, 0.0, 0.0, 7.839999999999999]",1
1598331950297178944,,8018,,1598331950,296141467,"""navsat_link""",,2,1,24.7687,55.370095,81.57,"[1.9599999999999997, 0.0, 0.0, 0.0, 1.9599999999999997, 0.0, 0.0, 0.0, 7.839999999999999]",1
